cacode,cname,ename,cAlias,eAlias,sex,photoSrc,cOccupation,eOccupation,cAffiliation,eAffiliation,candidate_no,win
A01,劉尉欣,LAU Wai-yan Vienna,,,F,,牙醫,Dentist,獨立,Independent,2,0
A01,許智峯,HUI Chi-fung,,,M,,區議員,District Council Member,民主黨,The Democratic Party,1,0
A02,張翼雄,CHEUNG Yick-hung Jackie,,,M,,律師,Solicitor,獨立,Independent,2,0
A02,吳兆康,NG Siu-hong,,,M,,平面設計師,Graphic Designer,民主黨,The Democratic Party,1,0
A03,吳龍飛,NG Lung-fei,,,M,,銀行經理,Bank Manager,自由黨,Liberal Party,2,0
A03,鄭麗琼,CHENG Lai-king,,,F,,中西區區議員/註冊社會工作者,Central & Western District Councillor /Registered Social Worker,民主黨,The Democratic Party,1,0
A04,陳浩濂,CHAN Ho-lim Joseph,,,M,,銀行董事總經理,Banking-Managing Director,自由黨,Liberal Party,2,0
A04,陳樹滿,CHAN Shu-moon,,,M,,企業管治主管,Head of Corporate Governance,獨立,Independent,1,0
A05,陳㨗貴,CHAN Chit-kwai,,Stephen,M,,學生宿舍經理,Manager (Student Residence),獨立,Independent,2,0
A05,劉偉德,LAU Edward Wai-tak,,,M,,公司東主,Business Owner,獨立,Independent,1,0
A06,陳學鋒,CHAN Hok-fung,,,M,,立法會議員助理,Assistant to Legislative Councillor,民建聯,DAB,3,0
A06,冼卓嵐,SIN Cheuk-nam,,,M,,社區主任,Community Officer,民主黨,The Democratic Party,1,0
A06,周世傑,CHOW Sai-kit,,,M,,社區主任,Community Officer,青年新政,Youngspiration,2,0
A07,楊開永,YEUNG Hoi-wing,,,M,,社區主任,Community Coordinator,民建聯,DAB,2,0
A07,梁頌恆,LEUNG Chung-hang Sixtus,,,M,,電子商貿經理,E-Commerce Manager,青年新政,Youngspiration,1,0
A08,張國鈞,CHEUNG Kwok-kwan,,,M,,律師,Solicitor,民建聯,DAB,2,0
A08,莊榮輝,CHONG Wing-fai Winfield,,,M,,教育中心校監,Supervisor of Education Centre,民主黨,The Democratic Party,1,0
A09,葉永成,YIP Wing-shing,,,M,,行政人員,Admin Officer,,,1,0
A09,楊浩然,YEUNG Sui-yin,,Victor,M,,律師,Solicitor,民主黨,The Democratic Party,2,0
A10,陳財喜,CHAN Choi-hi,,,M,,,,,,2,0
A10,葉錦龍,YIP Kam-lung Sam,,,M,,文創活動策劃,Cultural Event Organiser,,,1,0
A11,盧懿杏,LO Yee-hang,,,F,,律師,Solicitor,民建聯,DAB,1,0
A11,伍永德,NG Wing-tak,,,M,,廚師,Chef,,,2,0
A12,呂鴻賓,LUI Hung-pan,,Ben Lui,M,,註冊社工,Social Worker,獨立,Independent,1,0
A12,甘乃威,KAM Nai-wai,,,M,,註冊社會工作者/中西區區議員,Registered Social Worker/Member of Central & Western District Council,民主黨,The Democratic Party,2,0
A13,蕭嘉怡,SIU Ka-yi,,,F,,社區主任,Community Coordinator,民建聯,DAB,1,0
A13,何俊麒,HO Chun-ki Frederick,,,M,,律師,Solicitor,民主黨,The Democratic Party,2,0
A14,張啟昕,CHEUNG Kai-yin,,,F,,立法會議員助理,Assistant to Legislative Councilor,民主黨,The Democratic Party,1,0
A14,李志恒,LEE Chi-hang Sidney,,,M,,執業律師,Solicitor,,,2,0
A15,楊學明,YEUNG Hok-ming,,,M,,社區主任,Community Coordinator,民建聯,DAB,1,0
A15,伍凱欣,NG Hoi-yan Bonnie,,,F,,高級社區發展主任,Senior Community Officer,民主黨,The Democratic Party,2,0
B01,張曼莉,CHEONG Man-lei,,,F,,助理經理,Assistant Manager,獨立,Independent,2,0
B01,鄭其建,CHENG Ki-kin,,,M,,區議員,District Councillor,,,1,0
B02,鄭琴淵,TANG King-yung Anna,,,F,,區議員/自由撰稿人,District Councillor/Freelance,民建聯,DAB,2,0
B02,黄瑞龍,WONG Sui-lung,,,M,,評論人/地區主任,,獨立,,1,0
B03,鍾嘉敏,CHUNG Ka-man Jacqueline,,,F,,中心主任,Centre-in-charge,民建聯,DAB,2,0
B03,何詠嘉,HO Gloria Wing-ka,,,F,,,,,,1,0
B04,周潔冰,CHOW Kit-bing Jennifer,,,F,,全職區議員,District Councillor,民建聯,DAB,,1
B05,李文龍,LEE Man-lung Joey,,,M,,全職區議員,Full-time District Councillor,新民黨,New People's Party,1,0
B05,陳建國,CHAN Kin-kwok,,,M,,註冊教師(退休),Registered Teacher (Retired),民主黨,The Democratic Party,2,0
B06,伍婉婷,NG Yuen-ting Yolanda,,,F,,電子商務總監,Director (E-commerce),獨立,Independent,,1
B07,王政芝,WONG Ching-chi Gigi,,,F,,助理總經理,Assistant General Manager,新民黨,New People's Party,1,0
B07,楊雪盈,YEUNG Suet-ying Clarisse,,,F,,大專兼任講師,Part-time Lecturer,獨立,Independent,2,0
B08,林偉文,LAM Wai-man Wind,,Anson,M,,公司董事,Director,自由黨,Liberal Party,1,0
B08,黎大偉,LAI David,,,M,,投資專家,Investment Expert,獨立,Independent,2,0
B09,蕭思江,SIU See-kong,,,M,,事務律師,Solicitor,獨立,Independent,2,0
B09,麥國風,MAK Kwok-fung Michael,,,M,,全職社會服務義工,Full-time Volunteer,社民連,LSD,1,0
B09,謝偉俊,TSE Wai-chun Paul,,,M,,律師,Solicitor,獨立,Independent,3,0
B10,吳錦津,NG Kam-chun,,Stephen,M,,行政董事,Executive Director,獨立,Independent,1,0
B10,錢家和,CHIEN Ka-wo Kelvin,,,M,,保險業電腦從業員,IT Professional,,,2,0
B11,區麗莊,AU Lai-chong,,,F,,金融從業員,Financial Professional,,,2,0
B11,黃宏泰,WONG Wang-tai,,,M,,執業會計師,Certified Public Accountant,,,1,0
B12,李碧儀,LEE Pik-yee,,,F,,區議員,District Councillor,獨立,Independent,2,0
B12,楊幼峰,YEUNG Yau-fung,,,F,,成衣採購,Merchandiser,,,1,0
B13,李均頤,LEE Kwun-yee Kenny,,,F,,區議員,District Councillor,民建聯,DAB,1,0
B13,梁柏堅,LEUNG Pak-kin,,,M,,專業攝影師,Professional Photographer,,,2,0
C01,趙家賢,CHIU Ka-yin Andrew,,Andrew CHIU,M,,現任區議員/認可調解員/博士生,District Councillor/Mediator/Doctoral Student,民主黨,The Democratic Party,1,0
C01,吳志隆,NG Chi-lung,,Tony,M,,傳媒工作者,Journalist,,,2,0
C02,謝子祺,TSE Tsz-kei,,Marcus,M,,區議員,District Council Member,新民黨,New People's Party,1,0
C02,王振星,WONG Chun-sing Patrick,,,M,,土木工程師,Civil Engineer,獨立,Independent,2,0
C03,楊斯竣,YEUNG Sze-chun,,,M,,高級經理/電台財經節目主持,Senior Manager/Radio Financial Programme Host,獨立,Independent,2,0
C03,王學今,WONG Huk-kam,,,M,,律師,Solicitor,工黨,Labour Party,1,0
C03,傅元章,FU Yuen-cheung Alexander,,Alex Fu,M,,保險,Insurance,獨立,Independent,3,0
C03,何超光,HO Chiu-kwong Paul,,,M,,退休,Retired,,,4,0
C04,顏尊廉,NGAN Chun-lim,,,M,,旅行社高級行政管理人員,,民建聯,DAB,1,0
C04,陳嘉栢,CHAN Kar-pak,,,M,,社區主任,Community Officer,民主黨,The Democratic Party,2,0
C05,林心亷,LAM Sum-lim,,,M,,,,民建聯,DAB,2,0
C05,潘詠妍,POON Wing-yin,,,F,,,,,,3,0
C05,梁詠詩,LEUNG Wing-sze,,,F,,中學教師,Teacher,,,1,0
C06,杜本文,TO Boon-man Daniel,,,M,,設計師行政經理,Designer Adminstrator,,,1,0
C06,林其東,LAM Kei-tung George,,,M,,董事,Director,,,2,0
C06,洪志傑,HUNG Chi-kit,,,M,,中學教師,Teacher,民建聯,DAB,3,0
C07,何毅淦,HO Ngai-kam Stanley,,Stanley,M,,民選區議員,Elected District Council Member,工聯會,HKFTU,3,0
C07,楊偉康,YEUNG Wai-hong,,Dr. Martin,M,,教育及社會服務,Education & Social Services,獨立,Independent,1,0
C07,周詠儀,CHOW Wing-yee,,,F,,社區主任,Community Coordinator,獨立,Independent,2,0
C08,關瑞龍,KWAN Shui-lung,,,M,,全職區議員,,民建聯,DAB,3,0
C08,黎梁笑群,LAI LEUNG Siu-kwan,,,F,,社區工作者,,獨立,,4,0
C08,古桂耀,KU Kwai-yiu,,,M,,大廈工程保養員,Technician,獨立,,1,0
C08,尹梓烽,WAN Tsz-fung Jeff,,,M,,,,,,2,0
C09,黃健興,WONG Kin-hing,,,M,,金融,Finance,,,,1
C10,王國興,WONG Kwok-hing,,,M,,立法會議員,Legislative Member,工聯會,HKFTU,1,0
C10,朱日安,CHU Yat-on,,,M,,商人,,,,2,0
C10,譚得志,TAM Tak-chi,快必,,M,,社區主任,Community Coordinator,人民力量,People Power,3,0
C11,梁國鴻,LEUNG Kwok-hung David,,,M,,區議員,District Councillor,工聯會,HKFTU,4,0
C11,楊漢成,YEUNG Hon-sing,,,M,,公司董事,Director,獨立,Independent,2,0
C11,黃群峰,WONG Kwan-fung,,,M,,,,獨立,Independent,1,0
C11,陳耀德,CHAN Yiu-tak,,,M,,老師(退休),,獨立,,3,0
C12,龔栢祥,KUNG Pak-cheung,,,M,,,,民建聯,DAB,2,0
C12,吳彥強,NG Yin-keung,,,M,,專職地區發展主任,Full-time District Developer,公民黨,Civic Party,1,0
C13,李莉,LI Lee,,Lily LEE,F,,公司董事,Director,獨立,Independent,1,0
C13,黎志強,LAI Chi-keong Joseph,,,M,,全職區議員,Full-time District Council Member,公民黨,Civic Party,2,0
C13,呂志文,LUI Chi-man,,,M,,系統工程,Communication,獨立,Independent,3,0
C14,黃建彬,WONG Kin-pan,,,M,,全職區議員,Full-time District Council Member,民建聯,DAB,,1
C15,邵家輝,SHIU Ka-fai,,,M,,公司董事,Director,自由黨,Liberal Party,,1
C16,羅榮焜,LO Wing-kwan Frankie,羅山,LO Shan,M,,電視熒幕宣傳報幕員,Station Announcer,,,,1
C17,許清安,HUI Ching-on,,,M,,法律及財務顧問,Legal and Financial Consultant,,,,1
C18,郭偉强,KWOK Wai-keung,,,M,,全職議員,Full-time Councilor,工聯會,HKFTU,,1
C19,洪連杉,HUNG Lin-cham,,,M,,中學教師,Secondary School Teacher,民建聯,DAB,,1
C20,蔡素玉,CHOY So-yuk,,,F,,商人,Merchant,民建聯,DAB,,1
C21,曾卓兒,TSANG Cheuk-yi,,,F,,公司董事,Director,自由黨,Liberal Party,2,0
C21,鄭達鴻,CHENG Tat-hung,,,M,,地區發展主任,District Developer,公民黨,Civic Party,1,0
C22,鄭志成,CHENG Chi-sing,,,M,,全職區議員,,民建聯,DAB,,1
C23,丁江浩,TING Kong-ho Eddie,,,M,,中學教師,Secondary School Teacher,民建聯,DAB,2,0
C23,葉智德,IP Chee-tak,,,M,,教師,Teacher,,,1,0
C24,張國昌,CHEUNG Kwok-cheong,,,M,,全職區議員,Full-time District Councillor,民主黨,The Democratic Party,3,0
C24,楊默,YANG Mo,,,M,,區議員/醫學教授,,,,1,0
C24,李澤深,LI Chak-sum,,,M,,,,,,2,0
C25,洪龍荃,HUNG Lung-chuen,,,M,,,,新民黨,New People's Party,3,0
C25,梁穎敏,LEUNG Wing-man,,Bonnie,F,,高級政治研究及地區統籌幹事,Senior Analyst (Political Research and District Development),公民黨,Civic Party,2,0
C25,黃寶兒,WONG Po-yi,,,F,,,,,,1,0
C26,江玉歡,KONG Yuk-foon Doreen,,,F,,律師,Solicitor,新民黨,New People's Party,1,0
C26,梁兆新,LEUNG Siu-sun,,,M,,市場研究總監,Research Director,公民黨,Civic Party,2,0
C27,許林慶,HUI Lam-hing,,,M,,民選區議員,Elected District Council Member,工聯會,HKFTU,2,0
C27,曾國輝,TSANG Kwok-fai,,,M,,社區幹事,Community Officer,工黨,Labour Party,1,0
C28,江澤濠,KONG Chack-ho,,,M,,區議員,District Councillor,獨立,Independent,1,0
C28,麥德正,MAK Tak-ching,,,M,,社區幹事,Community Officer,工黨,Labour Party,2,0
C29,王詩展,WONG Sze-chin Ricky,,Ricky,M,,經理,Manager,,,3,0
C29,王志鍾,WONG Chi-chung,,Dominic,M,,行政,Executive,民建聯,DAB,1,0
C29,吳錦偉,NG Kam-wai,,,M,,選舉工程顧問,,獨立,,2,0
C30,趙資強,CHIU Chi-keung,,,M,,民選區議員,Elected District Council Member,工聯會,HKFTU,,1
C31,劉慶揚,LAU Hing-yeung,,,M,,區議員,District Councillor,民建聯,DAB,2,0
C31,張駿邦,CHEUNG Chun-pong,,,M,,社工,Social Worker,,,1,0
C32,李進秋,LI Chun-chau,,,F,,區議員,District Councillor,,,3,0
C32,曾健成,TSANG Kin-shing,阿牛,The Bull,M,,社區幹事,Community Organizer,社民連,LSD,1,0
C32,倫文傑,LUN Man-kit,,,M,,,,,,2,0
C33,李鎮強,LEE Chun-keung,,,M,,經理,Manager,自由黨,Liberal Party,1,0
C33,李健恆,LI Kin-hang,,,M,,會計師,Certified Public Accountant,,,2,0
C34,鍾樹根,CHUNG Shu-kun Christopher,,Chris CHUNG,M,,全職議員,Councillor,民建聯,DAB,1,0
C34,徐子見,CHUI Chi-kin,,,M,,小企業經營者,Merchant,獨立,Independent,2,0
C35,林翠蓮,LAM Chui-lin,,Alice,F,,全職區議員,Full time District Councillor,,,2,0
C35,植潔鈴,CHIK Kit-ling Elaine,,,F,,立法會議員助理,Assistant to Legislative Councillor,獨立,Independent,1,0
D01,任葆琳,YAM Pauline,,,F,,公司董事,Director,獨立,Independent,3,0
D01,文豪強,MAN Ho-keung Zico,,,M,,,,公民黨,Civic Party,1,0
D01,何偉俊,HO Wai-chun,,,M,,政策研究,Policy Research,獨立,,4,0
D01,李傑興,LEE Kit-hing,,,M,,高級理財策劃顧問,Senior Financial Planning Consultant,,,2,0
D02,林玉珍,LAM Yuk-chun,,,F,,全職南區區議員,Full-time Southern District Council Member,獨立,Independent,,1
D03,張錫容,CHEUNG Sik-yung,,,F,,全職區議員,Full-time Councilor,獨立,Independent,2,0
D03,梁國強,LEUNG Kwok-keung,,,M,,公司董事,Company Director,,,1,0
D04,李嘉盈,LI Ka-ying,,,F,,,,民建聯,DAB,2,0
D04,區諾軒,AU Nok-hin,,,M,,全職區議員,Full-time District Councillor,民主黨/鴨脷洲社區職工會,The Democratic Party/Ap Lei Chau Community Trade Union,3,0
D04,黃潤基,WONG Yun-kei,,,M,,,,熱血公民,,1,0
D05,彭兆基,PANG Siu-kei,,,M,,,,民建聯,DAB,3,0
D05,羅健熙,LO Kin-hei,,,M,,全職區議員,Full-time District Councillor,民主黨,The Democratic Party,1,0
D05,鄧嘉樂,TANG Ka-lok,,,M,,數碼印刷,Digital Printing,,,4,0
D05,蔡文龍,TSOI Man-lung Timothy,,,M,,,,熱血公民,Civic Passion,2,0
D06,林啟暉,LAM Kai-fai,,,M,,策劃顧問,Consultant of Arts,獨立,Independent,2,0
D06,陳家洛,CHAN Ka-lok,,Dr. Kenneth CHAN,M,,副教授/立法會議員,Associate Professor/Legislative Councillor,公民黨,Civic Party,1,0
D06,區元發,AU Yuen-fat Joseph,,,M,,半退休,,,,3,0
D07,陳家珮,CHAN Judy Kapui,,,F,,全職區議員,District Councillor,新民黨,New People's Party,2,0
D07,袁彌明,YUEN Mi-ming Erica,,,F,,公司董事,Managing Director,人民力量,People Power,1,0
D08,麥謝巧玲,MAK TSE How-ling Ada,,,F,,校長,Principal,民建聯,DAB,3,0
D08,楊小壁,YEUNG Siu-pik,,,F,,公司董事,Director,民主黨,The Democratic Party,2,0
D08,劉栢彤,LAU Pak-tung,,Daniel LAU,M,,,,,,1,0
D09,歐立成,AU Lap-sing,,,M,,全職區議員,Full Time District Councillor,,,1,0
D09,黎熙琳,LI Shee-lin,,,F,,地區幹事,Community Officer,民主黨,The Democratic Party,2,0
D10,黃才立,WONG Choi-lap,,,M,,地區統籌主任,Co-ordinator,民建聯,DAB,1,0
D10,柴文瀚,CHAI Man-hon,,,M,,南區區議員,Southern District Councillor,民主黨,The Democratic Party,3,0
D10,尹杞殷,WUN Kei-yan,,,F,,,,,,4,0
D10,羅月華,LAW Yuet-wah,,,F,,理財策劃主任,Financial Planning Officer,獨立,Independent,2,0
D11,楊哲安,YOUNG Chit-on Jeremy,,,M,,執行董事,Executive Director,自由黨,Liberal Party,1,0
D11,司馬文,ZIMMERMAN Paulus Johannes,,Paul ZIMMERMAN,M,,區議員,District Councillor,獨立,Independent,2,0
D12,朱慶虹,CHU Ching-hong,,,M,,區議員/大學顧問,District Councillor/University Consultant,獨立,Independent,1,0
D12,姚松炎,YIU Chung-yim,,,M,,副教授,Associate Professor,,,2,0
D13,陳富明,CHAN Fu-ming,,,M,,區議員/公司董事,,獨立,Independent,,1
D14,朱立威,CHU Lap-wai,,,M,,區議員,District Councillor,民建聯,DAB,,1
D15,陳榮恩,CHAN Wing-yan,,,F,,議員助理,Legislative Assistant,工聯會,HKFTU,1,0
D15,徐遠華,TSUI Yuen-wa,,,M,,全職區議員,Full Time District Councillor,民主黨,The Democratic Party,2,0
D16,SCHAUS David John,SCHAUS David John,,David SCHAUS,M,,,Engineer,,,1,0
D16,馮仕耕,FUNG Se-goun Fergus,,,M,,,,自由黨,Liberal Party,2,0
D17,姚潔凝,YAO Jie-ning Maxine,,,F,,見習產業測量師,Probationer in General Practice Surveying,,,2,0
D17,李佩英,LEE Pui-ying,陳李佩英,CHAN LEE Pui-ying,F,,董事,Director,,,3,0
D17,曾梓濠,TSANG Tsz-ho,,,M,,公司董事,Director,自由黨,Liberal Party,1,0
E01,孔昭華,HUNG Chiu-wah,,Derek,M,,公司董事/區議員,Director/District Councilor,民建聯,DAB,2,0
E01,劉志雄,LAU Chi-hung,,,M,,牧師,Pastor,,,1,0
E02,葉傲冬,IP Ngo-tung Chris,,,M,,新聞行政人員/區議員,News Executive/District Councilor,民建聯,DAB,1,0
E02,雷雅儀,LUI Ngar-yee Joey,,,F,,,,香港關注會,,2,0
E03,陳少棠,CHAN Siu-tong,,,M,,區議員/商人,,民建聯,DAB,,1
E04,歐陽東,AU YEUNG Tung,,,M,,民協社區主任,Community Coordinator,民協,ADPL,1,0
E04,楊子熙,YEUNG Tsz-hei,,Benny,M,,區議員,District Councillor,民建聯,DAB,2,0
E05,李偉峰,LEE Wai-fung,,,M,,立法會議員助理,,民主黨,The Democratic Party,1,0
E05,鍾港武,CHUNG Kong-mo,,,M,,區議員,District Councilor,民建聯,DAB,2,0
E06,許德亮,HUI Tak-leung,,,M,,區議員,District Councillor,,,,1
E07,余德寶,YU Tak-po,,,M,,全職地區發展主任,Full-time District Developer,公民黨,Civic Party,1,0
E07,羅少雄,LAW Siu-hung Paul,,,M,,行政總裁,CEO,獨立,Independent,2,0
E08,高曉榮,KO Hiu-wing,,Patrick,M,,公司董事,Company Director,獨立,Independent,1,0
E08,涂謹申,TO Kun-sun James,,,M,,立法會議員/律師,Legislator/Solicitor,民主黨,The Democratic Party,2,0
E09,鍾澤暉,CHUNG Chak-fai,,,M,,,,,,2,0
E09,林浩揚,LAM Ho-yeung,,,M,,總幹事(社工),Chief Executive Officer (Social Worker),民主黨,The Democratic Party,1,0
E09,中出羊子,NAKADE Hitsujiko,昭明公主,,M,,社交(網絡)紅人,,香港城邦皇室,,3,0
E10,蔡少峰,CHOI Siu-fung Benjamin,,,M,,,,民建聯,DAB,2,0
E10,黎耀駿,LAI Yiu-chun,,,M,,註冊會計師,Accountant,青年新政,Youngspiration,1,0
E11,王嘉盈,WONG Ka-ying,,,F,,專業會計師,Professional Accountant,公民黨,Civic Party,1,0
E11,劉柏祺,LAU Pak-kei,,,M,,區議員/社區工作者,,民建聯,DAB,2,0
E12,莊永燦,CHONG Wing-charn Francis,,,M,,律師,Solicitor,西九新動力/經民聯,Kowloon West New Dynamic/BPA,3,
E12,趙旭光,CHIU Yuk-kwong,,,M,,註冊護士,Registered Nurse,青年新政,Youngspiration,1,0
E12,馮文韜,FUNG Joshua Man-tao,,,M,,社區主任,Community Officer,民主黨,The Democratic Party,2,0
E13,黃舒明,WONG Shu-ming,,,F,,全職區議員,Full Time District Councillor,西九新動力,Kowloon West New Dynamic,1,0
E13,黃家俊,WONG Ka-chun,,,M,,中學老師,Teacher,青年新政,Youngspiration,2,0
E14,謝卓男,TSE Jefferson Keller,,,M,,物業經理及工程顧問,Property Manager & Engineering Consultant,獨立,Independent,1,0
E14,劉俊業,LAU Chun-yip,,,M,,社區主任,Community Officer,民主黨,The Democratic Party,3,0
E14,黃建新,WONG Kin-san,,,M,,區議員/政策研究員,District Councillor/Policy Researcher,,,2,0
E15,仇振輝,CHOW Chun-fai,,,M,,經理,Manager,,,,1
E16,林健文,LAM Kin-man,,,M,,律師,Solicitor,民協,ADPL,2,0
E16,文潤華,MAN Yun-wa,,,M,,社區工作者,,工聯會,HKFTU,1,0
E17,鄧銘心,TANG Ming-sum Michelle,,,F,,土木工程師,Civil Engineer,,,2,0
E17,陳文佑,CHAN Man-yu Henry,,,M,,管理顧問,Management Consultant,公共專業聯盟,The Professional Commons,1,0
E18,關秀玲,KWAN Sau-ling,,,F,,區議員,District Councilor,民建聯,DAB,2,0
E18,廖少輝,LIU Siu-fai,,,M,,商人,,,,1,0
E19,楊鎮華,JO Chun-wah,,Craig,M,,科技公司創辦人,I.T. Company Founder,民建聯,DAB,1,0
E19,戚志良,CHICK Chi-leung,戚師傅,,M,,地盤釘板工人,Construction Site Carpenter,,,2,0
F01,謝曉虹,TSE Hiu-hung,,,F,,社區主任,Community Officer,深水埗居民聯會,,1,0
F01,梁有方,LEUNG Yau-fong,,,M,,全職區議員,,民協,ADPL,2,0
F02,林家輝,LAM Ka-fai Aaron,,,M,,室內設計工程顧問,Interior Design Consultant,經民聯/西九新動力,BPA/Kowloon West New Dynamic,1,0
F02,李文浩,LEE Man-ho Leos,,,M,,,,長沙灣社區發展力量,,3,0
F02,林瑞含,LAM Shui-hum,,,F,,基層組織者,Grassroot Organizer,,,2,0
F03,鄭泳舜,CHENG Wing-shun Vincent,,,M,,社企副總幹事/區議員,Deputy Executive Director/District Councilor,民建聯,DAB,1,0
F03,陳永輝,CHAN Wing-fai Jordan,輝仔,,M,,電腦維修員,Technician,人民力量,People Power,2,0
F04,陳國偉,CHAN Kwok-wai,,,M,,註冊社工,,石硤尾邨居民服務中心/西九新動力,,1,0
F04,秦寶山,TSUNG Po-shan,,,M,,全職區議員,District Council Member,民協,ADPL,2,0
F05,苗凱明,MIU Hoi-ming,,,M,,,,民建聯,DAB,2,0
F05,何啟明,HO Kai-ming Kalvin,,,M,,,,民協,ADPL,1,0
F06,李詠民,LEE Wing-man,,,M,,區議員,District Councillor,港九勞工社團聯會,The Federation of Hong Kong & Kowloon Labour Unions,2,0
F06,林偉棠,LAM Wai-tong,,,M,,物業管理保安主管,,神州青年服務社民主陣線,China Youth Service and Recreation Center,1,0
F07,劉佩玉,LAU Pui-yuk,,,F,,區議員/助理統籌主任,District Councillor/Assistant Co-ordinator,民建聯,DAB,1,0
F07,麥偉明,MAK Wai-ming,,,M,,社區主任,,獨立,Independent,2,0
F08,衞煥南,WAI Woon-nam,,,M,,區議員,,民協,ADPL,2,0
F08,香明孝,HEUNG Ming-hau,,,M,,社區主任,Community Officer,獨立,Independent,1,0
F09,李炯,LI Kwing,,,M,,社工,Social Worker,民協,ADPL,1,0
F09,梁文廣,LEUNG Man-kwong,,,M,,全職區議員,Full Time District Councillor,西九新動力/富昌邨居民協會/榮昌邨居民服務協會,Kowloon West New Dynamic,2,0
F10,陳穎欣,CHAN Wing-yan,,,F,,,,民建聯/工聯會,DAB/HKFTU,1,0
F10,馮檢基,FUNG Kin-kee Frederick,,,M,,立法會議員,Legislative Councilor,民協,ADPL,3,0
F10,黃仲棋,WONG Chung-ki Eric,,,M,,資訊科技公司管理層,Management in IT Co.,,,2,0
F11,張德偉,CHEUNG Tak-wai,,,M,,社區幹事,Community Organizer,民建聯,DAB,1,0
F11,鄒穎恒,CHOW Wing-heng,,Zoé,F,,社區統籌主任,Community Officer,民協,ADPL,2,0
F12,陳威雄,TAN Wie-hon Derrick,,,M,,,,民建聯,DAB,2,0
F12,楊彧,YEUNG Yuk,,,M,,註冊社工,Registered Social Worker,民協,ADPL,1,0
F12,梅宇,MUI Yu,,,M,,,,,,3,0
F13,黃達東,WONG Tat-tung,,,M,,公司董事,Director,民建聯,DAB,3,0
F13,王德全,WONG Tak-chuen Joe,,,M,,節目主持及監製,Program Host and Producer,公民黨,Civic Party,2,0
F13,曾麗文,TZENG Li-wen Judy,,,F,,家庭主婦,Housewife,,,1,0
F14,伍月蘭,NG Yuet-lan,,,F,,教師,Teacher,公民黨,Civic Party,1,0
F14,沈少雄,SHUM Siu-hung,,,M,,公司董事,,經民聯/西九新動力,,2,0
F14,陳松光,CHAN Chung-kong Stephen,,,M,,藝體及演藝學校校長,RG & Performing Art Academy Principal,,,3,0
F15,李俊晞,LI Chun-hei Joshua,,,M,,立法會議員助理,Assistant to Legislative Councillor,公民黨,Civic Party,2,0
F15,張永森,CHEUNG Wing-sum Ambrose,,,M,,律師,Solicitor,獨立,Independent,1,0
F16,李祺逢,LI Ki-fung Bruce,,Bruce,M,,全職區議員,Full-time District Council Member,經民聯/西九新動力,BPA/Kowloon West New Dynamic,1,0
F16,袁海文,YUEN Hoi-man,,Ramon,M,,特許財經分析師,Chartered Financial Analyst,民主黨,The Democratic Party,2,0
F17,黃敬,WONG King,黃敬博士,Dr. King,M,,專業工程師,Professional Engineer,,,3,0
F17,覃德誠,CHUM Tak-shing,,,M,,全職區議員,,民協,ADPL,1,0
F17,胡世全,WU Sai-chuen,,,M,,,,,,2,0
F18,陳偉明,CHAN Wai-ming,,,M,,全職區議員,Full Time District Councillor,民建聯,DAB,1,0
F18,方智龍,FONG Chi-lung,,,M,,,,熱血公民,Civic Passion,2,0
F19,陳鏡秋,CHAN Keng-chau,,,M,,全職區議員,Full-time Councillor,西九新動力,Kowloon West New Dynamic,2,0
F19,江貴生,KONG Kwai-sang,,,M,,註冊社工,Registered Social Worker,民協,ADPL,1,0
F20,甄啟榮,YAN Kai-wing,,,M,,社團幹事,,經民聯/西九新動力,,1,0
F20,鄧美晶,TANG Mei-ching,,Sally,F,,,,社會主義行動,Socialist Action,2,0
F21,李梓敬,LEE Tsz-king Dominic,,Dominic,M,,電子零件公司執行董事,Managing Director of Electrical Components Company,自由黨,Liberal Party,2,0
F21,周嘉發,CHAU Dickson Ka-faat,,,M,,社區主任,Community Officer,社民連,LSD,1,0
F22,譚國僑,TAM Kwok-kiu,,,M,,社會服務顧問,Social Services Consultant,民協,ADPL,2,0
F22,韋海英,WAI Hoi-ying,,,F,,區議員,District Councillor,西九新動力,Kowloon West New Dynamic,1,0
F22,符偉樂,FOO Wai-lok,,,M,,社區中心幹事,,,,3,0
F23,林偉文,LAM Wai-man Raymond,,,M,,工料測量經理,Quantity Surveying Manager,工聯會,,2,0
F23,吳美,NG Mei Carman,,,F,,全職區議員,Full-time District Councilor,民協,ADPL,3,0
F23,鄭志康,CHENG Chi-hong,,,M,,電訊顧問,Telecom Consultant,,,1,0
G01,莫嘉嫻,MOK Ka-han Rosanda,,,F,,區議會議員,District Council Member,民協,ADPL,2,0
G01,邵天虹,SIU Tin-hung,,Terence,M,,,,民建聯,DAB,1,0
G02,黎廣偉,LAI Kwong-wai,,,M,,社區主任,District Coordinator,民協,ADPL,3,0
G02,黃潤昌,WONG Yun-cheong,,,M,,民選區議員,Elected District Council Member,工聯會,HKFTU,1,0
G02,劉舒燕,LAU Shu-yin,,,F,,社區主任,Community Officer,,,2,0
G03,關浩洋,KWAN Ho-yeung,,,M,,,,民建聯,DAB,1,0
G03,區咏豪,AU Wing-ho,,,M,,攝影師,Photographer,香港關注會,,2,0
G04,楊永杰,YANG Wing-kit,,,M,,區議員,District Councilor,,,1,0
G04,龐一鳴,PONG Yat-ming,,,M,,教育工作者,,,,2,0
G05,黃永傑,WONG Wing-kit,,,M,,社區主任,Community Officer,民協,ADPL,3,0
G05,陸勁光,LUK King-kwong,,,M,,律師,Solicitor,民建聯,DAB,2,0
G05,陳嘉玲,CHAN Ka-ling Judy,,,F,,,,,,1,0
G06,鄭利明,CHENG Lee-ming,,,M,,副教授,Associate Professor,,,1,0
G06,陳麗君,CHAN Lai-kwan,,,F,,社區發展顧問,,民主黨,The Democratic Party,2,0
G07,蕭亮聲,SIU Leong-sing,,,M,,全職區議員,District Councilor,民協,ADPL,3,0
G07,黃馳,WONG Chi,,,M,,,,,,1,0
G07,劉學威,LAU Hok-wai,,,M,,註冊社工,Social Worker,,,2,0
G08,丁健華,TING Kin-wa,,,M,,教育機構總監,Director of Educational Institution,獨立,Independent,,1
G09,何顯明,HO Hin-ming,,,M,,區議員,District Councilor,自由黨,Liberal Party,,1
G10,王民聲,WONG Man-sing,,,M,,,,,,1,0
G10,吳寶強,NG Po-keung,,,M,,副統籌主任,Vice-coordinator,民建聯,DAB,2,0
G11,楊振宇,YEUNG Chun-yu,,,M,,區議員,District Councilor,民協,ADPL,1,0
G11,鄭振華,CHENG Chun-wah Gary,,,M,,,Chief Executive Officer,工聯會,HKFTU,3,0
G11,葉志偉,IP Chi-wai Alexander,,,M,,設計師,Designer,,,2,0
G12,李庭豐,LI Ting-fung,,,M,,社區主任,Community Officer,民協,ADPL,4,0
G12,梁婉婷,LEUNG Yuen-ting,,,F,,,,,,1,0
G12,林希婷,LAM Hei-ting Miranda,,,F,,,,,,2,0
G12,陳寶玉,CHAN Po-yuk,,,F,,,,,,3,0
G13,何華漢,HE Huahan,,,M,,,,,,1,0
G13,蘇綺雯,SO Yee-man,,,F,,立法會議員助理,Assistant of Legislative Councilor,民主黨,The Democratic Party,2,0
G14,潘國華,PUN Kwok-wah,,,M,,,,民建聯,DAB,1,0
G14,李家威,LEE Ka-wai,,,M,,地產代理/網台主持,,香港關注會,,2,0
G15,李慧琼,LEE Wai-king Starry,,,F,,議員/會計師,Councilor/Accountant,民建聯,DAB,3,0
G15,沈泰鋒,SHUM Tai-fung,,,M,,,,,,1,0
G15,林依麗,LAM Yi-lai,,,F,,地產名譽顧問,,香港關注會,,2,0
G16,林博,LAM Pok,,,M,,幹事,,,,1,0
G16,莊麗玲,CHONG Lai-ling,,,F,,,,民主黨,The Democratic Party,2,0
G17,余志榮,YUE Chee-wing Admond,,,M,,商人,Businessman,,,2,0
G17,蕭婉嫦,SIU Yuen-sheung,,,F,,區議員,District Councillor,民建聯,DAB,3,0
G17,楊繼昌,YEUNG Ke-cheong,,,M,,政策研究員,Policy Researcher,自護聯邦,,1,0
G18,梁美芬,LEUNG Mei-fun,,,F,,大律師/法律副教授,Barrister-at-law/Associate Law Professor,西九新動力/經民聯,Kowloon West New Dynamic/BPA,2,0
G18,游蕙禎,YAU Wai-ching,,,F,,,,青年新政,Youngspiration,3,0
G18,羅錫明,LAW Shek-ming,,,M,,創會執董/博導,Founding Director/PhD Co-Supervisor,,,1,0
G19,劉偉榮,LAU Wai-wing,,,M,,全職區議員,Full-Time District Councillor,,,2,0
G19,鄺葆賢,KWONG Po-yin,,,F,,醫生,Doctor,青年新政,Youngspiration,1,0
G20,趙仕信,CHIU Shi-shun,,,M,,社區幹事,Community Organizer,工黨,Labour Party,3,0
G20,張仁康,CHEUNG Yan-hong,,,M,,工程師,Engineer,,,4,0
G20,馮競文,FUNG King-man Virginia,,,F,,,,,,2,0
G20,李淦鏘,LI Calvin Kam-cheong,,,M,,,,,,1,0
G21,任國棟,YUM Kwok-tung Pius,,,M,,全職區議員,,民協,ADPL,1,0
G21,林德成,LAM Tak-shing,,,M,,行政人員,,民建聯,DAB,2,0
G21,黃志強,WONG Chi-keung,,,M,,車行經理,,,,3,0
G22,勞超傑,LO Chiu-kit,,,M,,律師,Lawyer,,,,1
G23,吳奮金,NG Fan-kam,,,M,,區議員/高級助理統籌主任,,民建聯,DAB,1,0
G23,馬希鵬,MA Hei-pang,,,M,,議員助理,,民主黨,The Democratic Party,2,0
G24,左滙雄,CHO Wui-hung,,,M,,區議員,District Councillor,,,1,0
G24,陳友昌,CHAN Yau-cheong,,,M,,,,公民黨,Civic Party,2,0
H01,楊敏碩,YEUNG Man-sek Edmond,邦邦,Bonbon,M,,慈善團體主席,Chairman of Charities,獨立,Independent,1,0
H01,李東江,LEE Tung-kong,,,M,,特許財務策劃師,Chartered Financial Practitioner,獨立,Independent,3,0
H01,曾卓權,TSANG Cheuk-kuen Jackal,,,M,,旅遊業,Tourism,獨立,Independent,2,0
H02,李炎雄,LEE Yim-hung,,,M,,助理秘書長,Assistant Secretary,,,1,0
H02,郭秀英,KWOK Sau-ying,,,F,,全職區議員,Full-time District Councillor,獨立,Independent,2,0
H03,林文輝,LAM Man-fai,,,M,,教師,Teacher,工聯會,,1,0
H03,林偉基,LAM Wai-kei,,Ricky,M,,,,民主黨,The Democratic Party,2,0
H03,周勵昌,CHOW Lai-cheong,,,M,,電業工程,Electrical Engineers,獨立,Independent,3,0
H04,黃錦超,WONG Kam-chiu,,,M,,公司董事,Director,,,1,0
H04,陳炎光,CHAN Yim-kwong Joe,,,M,,全職區議員,Full Time District Councillor,,,2,0
H05,簡志豪,KAN Chi-ho,,,M,,行政員,Administrator,民建聯,DAB,1,0
H05,黃國強,WONG Kwok-keung,,,M,,升降機品質監控,Elevator Quality Control,獨立,Independent,2,0
H06,岳敬寬,NGOK King-fun,,,M,,中藥店店長,C.M. Pharmacy Manager,獨立,Independent,1,0
H06,譚香文,TAM Heung-man,,,F,,會計師/區議員,Accountant/District Councilor,前綫,The Frontier,4,0
H06,林作,LAM Joseph Chok,,,M,,大律師,Barrister,,,3,0
H06,何偉權,HO Wai-kuen,,,M,,文員,Clerk,獨立,Independent,2,0
H07,雷啟蓮,LUI Kai-lin Wendy,,,F,,行政人員,Administrative Supervisor,獨立,Independent,1,0
H07,屈奇安,WAT Ki-on,,,M,,退休公務員,Retired Civil Servant,獨立,Independent,2,0
H08,李德康,LI Tak-hong,,,M,,全職區議員,Full Time District Councillor,民建聯,DAB,2,0
H08,張百恒,CHEUNG Pak-hang,,,M,,,,獨立,Independent,1,0
H09,黃國恩,WONG Kwok-yan,,,M,,律師,Solicitor,民建聯,DAB,2,0
H09,施德來,SZE Tak-loy,,,M,,註冊社工,Registered Social Worker,民協,ADPL,1,0
H10,陳偉坤,CHAN Wai-kwan Andie,,,M,,全職區議員,Full Time District Councillor,,,2,0
H10,袁月卿,YUEN Yuet-hing,,,F,,退休人士,Retired,獨立,Independent,1,0
H11,黎榮浩,LAI Wing-ho Joe,,,M,,行政人員/區議員,,民建聯,DAB,,1
H12,李浩然,LEE Ho-yin Raymond,,,M,,項目幹事,Project Executive,公民黨,Civic Party,1,0
H12,陳安泰,CHAN On-tai,,,M,,基督徒區議員/公司董事,District Councilor/Director,自由黨,Liberal Party,2,0
H13,蘇錫堅,SO Sik-kin,,,M,,全職區議員,District Councillor,獨立,Independent,1,0
H13,陳英,CHAN Ying Leonard,,,M,,公司董事,Director,獨立,Independent,2,0
H13,李嘉興,LEE Ka-hing,,,M,,理財顧問,Financial Consultant,獨立,Independent,3,0
H14,許錦成,HUI Kam-shing,,,M,,機構總監,Centre Director,民協,ADPL,1,0
H14,陳澤森,CHAN Chak-sum,,,M,,幹事,Secretary,工聯會,HKFTU,2,0
H15,丁志威,TING Chi-wai Roy,,,M,,公司董事,Company Director,獨立,Independent,2,0
H15,陳潔冰,CHAN Kit-bing,,Ice,F,,專業會計/傳道,H.K.A.T.,人民力量,People Power,1,0
H16,袁國強,YUEN Kwok-keung,,,M,,區議員,District Councillor,民建聯,DAB,3,0
H16,翁誠光,YUNG Sing-kwong,,,M,,退休高級郵差,Retired Senior Postman,民主黨,The Democratic Party,2,0
H16,梁敬,LEUNG Yau-king,,,M,,,,熱血公民,Civic Passion,1,0
H17,陳曼琪,CHAN Man-ki Maggie,,,F,,律師,Solicitor,民建聯,DAB,1,0
H17,麥子豪,MAK Tsz-ho,,,M,,物理實驗室技術員,Laboratory Technician,慈雲山建設力量,Tsz Wan Shan Constructive Power,2,0
H18,黃逸旭,WONG Yat-yuk,,,M,,民選區議員,Elected District Council Member,獨立,Independent,,1
H19,何漢文,HO Hon-man,,,M,,全職區議員,Full Time District Councillor,民建聯,DAB,1,0
H19,譚俊文,TAM Chun-man,,,M,,工程項目助理,Assistant Project Manager,慈雲山建設力量,Tsz Wan Shan Constructive Power,2,0
H20,黃鎮健,WONG Chun-kin,,,M,,註冊理財師,Certified Financial Organizer,工聯會,HKFTU,1,0
H20,胡志偉,WU Chi-wai,,,M,,立法會議員,Legislative Councillor,民主黨,The Democratic Party,2,0
H21,蔡子健,CHOY Tsz-kin Timothy,,,M,,立法會議員助理,LegCo Member Assistant,民建聯,DAB,3,0
H21,駱偉泉,LOK Wai-chuen,,,M,,保安從業員,Security Personnel,,,2,0
H21,黃國桐,WONG Kwok-tung,,,M,,律師(法律界選委),Solicitor,民主黨,The Democratic Party,1,0
H22,李美蘭,LI Mei-lan,,,F,,註冊理財師,Certified Financial Organizer,民建聯,DAB,2,0
H22,沈運華,SHUM Wan-wa,,,M,,見習律師,Trainee Solicitor,民主黨,The Democratic Party,1,0
H23,譚美普,TAM Mei-po,,,F,,全職區議員,District Councillor,工聯會/民建聯,HKFTU/DAB,2,0
H23,謝智傑,TSE Chi-kit,,,M,,註冊社工,Registered Social Worker,民主黨,The Democratic Party,1,0
H24,何賢輝,HO Yin-fai,,,M,,民選區議員,Elected District Council Member,工聯會/民建聯,HKFTU/DAB,2,0
H24,胡志健,WU Chi-kin,,,M,,議員助理,Assistant to Councilor,民主黨,The Democratic Party,1,0
H25,莫健榮,MOK Kin-wing,,,M,,民選區議員,Elected DC Member,工聯會,HKFTU,2,0
H25,梁達波,LEUNG Tat-por,,,M,,酒店業管理人員,Hotel Management Officer,獨立,Independent,1,0
J01,陳華裕,CHAN Wah-yu Nelson,,,M,,中學校長,Principal,,,,1
J02,潘任惠珍,POON YAM Wai-chun Winnie,,,F,,全職區議員,District Councilor,,,,1
J03,歐陽均諾,AU YEUNG Kwan-nok,,,M,,,,民建聯,DAB,2,0
J03,林誠,LAM Sing,,,M,,社區主任,Community Officer,民主黨,The Democratic Party,1,0
J04,BUX Sheik Anthony,BUX Sheik Anthony,畢東尼,,M,,行政總裁,Chief Executive,公民黨,Civic Party,2,0
J04,潘進源,POON Chun-yuen,,,M,,民選區議員,District Councillor,民建聯,DAB,1,0
J05,陳俊傑,CHAN Chun-kit,,,M,,區議員,District Council Member,民建聯,DAB,,1
J06,譚肇卓,TAM Siu-cheuk,,,M,,區議員,District Councillor,民建聯,DAB,,1
J07,顏汶羽,NGAN Man-yu,,,M,,區議員,District Councillor,民建聯,DAB,2,0
J07,黃偉達,WONG Wai-tag,,,M,,議員助理,Councilor Assistant,民主黨,The Democratic Party,1,0
J08,郭必錚,KWOK Bit-chun,,Benjamin,M,,理財顧問經理,Manager of Financial Advisors,民建聯,DAB,2,0
J08,莫建成,MOK Kin-shing,,,M,,註冊社工/社區主任,R.S.W./Community Officer,民主黨,The Democratic Party,1,0
J09,符碧珍,FU Pik-chun,,,F,,全職區議員,Full Time District Councillor,,,,1
J10,梁騰丰,LEUNG Tang-fung,,,M,,,,民建聯,DAB,2,0
J10,蔡澤鴻,CHOY Chak-hung,,,M,,全職區議員,Full Time District Councillor,,,1,0
J10,曹啓暉,CHO Kai-fai,,,M,,,,,,3,0
J11,洪錦鉉,HUNG Kam-in,,,M,,區議員,District Councillor,民建聯,DAB,2,0
J11,譚灝琳,TAM Ho-lam,,,M,,自由人,Free Lance,,,1,0
J12,黃春平,WONG Chun-ping,,,M,,全職區議員,District Councillor,,,,1
J13,蘇麗珍,SO Lai-chun,,,F,,全職區議員,District Councilor,獨立,Independent,2,0
J13,馮國強,FUNG Kwok-keung Bonhoeffer,,,M,,,,,,1,0
J14,陳耀雄,CHAN Yiu-hung Jimmy,,,M,,公司董事,Director,獨立,Independent,1,0
J14,計明華,KAI Ming-wah,,,M,,,,民主黨,The Democratic Party,3,0
J14,鄭國俊,CHENG Kwok-chun,,,M,,,,東九龍社區關注組,Kowloon East Community,2,0
J15,張培剛,CHEUNG Pui-kong,,,M,,,,民建聯,DAB,,1
J16,羅靜,LO Ching,,,F,,社區工作者,,工聯會,HKFTU,2,0
J16,陳汶堅,CHAN Man-kin,,,M,,,,民主黨,The Democratic Party,1,0
J17,簡銘東,KAN Ming-tung,,,M,,民選區議員,Elected District Council Member,工聯會,HKFTU,1,0
J17,游美寶,YAU Mei-po,,,F,,物流經理,Logistics Manager,,,2,0
J18,柯創盛,OR Chong-shing Wilson,,,M,,,,民建聯,DAB,,1
J19,吳志輝,NG Chi-fai,,,M,,廚師,Chef,,,2,0
J19,姚柏良,YIU Pak-leung,,,M,,行政人員,Executive,獨立,Independent,1,0
J20,陳宇明,CHAN Yu-ming,,,M,,軟件工程師,Software Engineer,公民黨,Civic Party,3,0
J20,何啟明,HO Kai-ming,,,M,,民選區議員,Elected District Council Member,工聯會,HKFTU,2,0
J20,余瑞生,YU Sui-sang,,,M,,高級營業經理,Senior Sales Manager,,,1,0
J21,張琪騰,CHEUNG Ki-tang,,,M,,,,民建聯,DAB,,1
J22,黎樹濠,LAI Shu-ho Patrick,,,M,,區議員,District Councillor,獨立,Independent,2,0
J22,鄭華東,CHENG Wah-tung Francis,,,M,,,,,,1,0
J22,韓家銘,HON Ka-ming,,,M,,註冊社工,Social Worker,民主黨,The Democratic Party,3,0
J23,謝淑珍,TSE Suk-chun,,,F,,,,,,1,0
J23,黃啟燊,WONG Kai-san,,,M,,社區工作者,,工聯會,HKFTU,2,0
J24,呂東孩,LUI Tung-hai,,,M,,,,獨立,Independent,,1
J25,譚文豪,TAM Man-ho Jeremy Jansen,,,M,,民航機師,Airline Pilot,公民黨,Civic Party,2,0
J25,鄧咏駿,TANG Wing-chun,,,M,,環保顧問,Environmental Consultant,獨立,Independent,1,0
J26,鄧咏駿,TONG Dick-kan,,,M,,法庭聯絡主任,Court Liaison Officer,公民黨,Civic Party,2,0
J26,張順華,CHEUNG Shun-wah,,,M,,區議員,District Counc.,,,1,0
J27,鄭強峰,CHENG Keung-fung,,,M,,社區服務主任,Community Service Worker,公屋聯會,The Federation of Public Housing Estates,1,0
J27,林可珍,LAM Ho-chun Carol,,,F,,退休會計,,人民力量/前綫,People Power/The Frontier,2,0
J28,劉定安,LAU Ting-on,,,M,,全職區議員,,新世紀論壇,,2,0
J28,鄭景陽,CHENG Keng-ieong,,,M,,立法會議員助理,Assistant of Legislative Councilor,民主黨,The Democratic Party,1,0
J29,徐海山,HSU Hoi-shan,,,M,,公司董事,Director,獨立,Independent,1,0
J29,陳錦威,CHAN Kam-wai,,,M,,講師,Lecturer,,,2,0
J30,陳振彬,CHAN Chung-bun Bunny,,,M,,行政總裁,Executive Director,,,2,0
J30,周頌平,CHAU Chung-ping,,,M,,,,,,1,0
J30,黃綺婷,WONG Yi-ting Edith,,,F,,行政文員,Administrative Officer,,,3,0
J31,馬軼超,MA Yat-chiu,,,M,,公司董事/觀塘區議員,Managing Director/District Councillor,獨立,Independent,1,0
J31,陳澤滔,CHAN Chak-to,,,M,,工程師,Engineer,東九龍社區關注組,Kowloon East Community,2,0
J32,金堅,KAM Kin,,,F,,,,,,1,0
J32,黃啟明,WONG Kai-ming,,,M,,民選區議員,,民主黨,The Democratic Party,2,0
J33,陳國華,CHAN Kok-wah Ben,,,M,,全職區議員,Full Time District Councillor,民建聯,DAB,1,0
J33,呂智恆,LUI Chi-hang Hendrick,,,M,,社會工作者,Social Worker,,,2,0
J34,張姚彬,CHEUNG Yiu-pan,,,M,,,,民建聯,DAB,2,0
J34,黃正峰,WONG Ching-fung,,,M,,議員助理,Assistant to Councilor,民主黨,The Democratic Party,1,0
J35,葉興國,YIP Hing-kwok,,,M,,區議員,District Councillor,,,,1
J36,馮錦源,FUNG Kam-yuen,,,M,,全職區議員,Elected District Councillor,獨立,Independent,2,0
J36,黃子健,WONG Chi-ken,,,M,,,,東九龍社區關注組,Kowloon East Community,1,0
J37,李嘉恒,LEE Ka-hang,,,M,,政策研究員,Policy Researcher,工聯會,HKFTU,1,0
J37,蘇冠聰,SO Koon-chung Kevin,,,M,,區議員,District Councillor,,,2,0
K01,羅少傑,LO Siu-kit,,,M,,董事總經理,Managing Director,,,,1
K02,陳恒鑌,CHAN Han-pan,,,M,,議員,Councillor,民建聯,DAB,1,0
K02,林錫添,LAM Sek-tim,,,M,,行政人員,Administrative Officer,荃灣社區網絡,Tsuen Wan Community Network,2,0
K03,鄭柏強,CHENG Pak-keung,,,M,,編輯,Editor,,,1,0
K03,鄒秉恬,CHOW Ping-tim,,,M,,區議員,District Councilor,獨立,Independent,2,0
K04,古揚邦,KOO Yeung-pong,,,M,,,,民建聯,DAB,1,0
K04,湯詠芝,TONG Wing-chi,,,F,,非政府組織總幹事,NGO Secretary–general,,,2,0
K05,葛兆源,KOT Siu-yuen,,,M,,民選區議員,Elected Member,工聯會,HKFTU,,1
K06,趙恩來,CHIU Yan-loy,,,M,,立法會議員助理,Legislative Assistant,工黨,Labour Party,2,0
K06,田北辰,TIEN Michael Puk-sun,,,M,,立法會議員,Legislative Councillor,新民黨,New People's Party,1,0
K07,曾大,TSANG Tai,,,M,,社區幹事,Community Officer,民建聯,DAB,2,0
K07,李洪波,LI Hung-por,,,M,,,,民主黨,The Democratic Party,1,0
K08,林婉濱,LAM Yuen-pun,,,F,,區議員/註冊社工,Councillor/Registered Social Worker,,,2,0
K08,王鋭德,Wong Yui-tak Louis,,,M,,教育家,Educator,民主黨,The Democratic Party,1,0
K09,黃偉傑,WONG Wai-kit,,,M,,區議員/註冊社工,District Councilor/Registered Social Worker,獨立,Independent,1,0
K09,趙佩詩,CHIU Pui-sze,,Vicky,F,,地區發展主任,District Developer,公民黨,Civic Party,2,0
K10,夏希諾,HA Hei-lok,,,M,,社區幹事,Community Officer,工黨,Labour Party,1,0
K10,鄭㨗彬,CHENG Chit-pun,阿捷,,M,,社區主任,Community Development Officer,新民黨,New People's Party,2,0
K10,鄭承隆,CHENG Shing-lung Edwin,,,M,,時事節目主持,Current Affairs Program Host,,,3,0
K11,林琳,LAM Lam Nixie,,,F,,區議員,District Councillor,民建聯,DAB,2,0
K11,潘昭霖,POON Chiu-lam,,,M,,社區主任,Community Officer,荃灣民生動力,Tsuen Wan Dynamic for the People,3,0
K11,朱順明,CHU Shun-ming,,,M,,公司董事,Director,,,1,0
K12,伍顯龍,NG Hin-lung,,,M,,大學研究員,University Researcher,,,2,0
K12,陳偉明,CHAN Wai-ming,,,M,,區議員,District Councillor,,,1,0
K13,黃超華,WONG Chiu-wah Kevin,,,M,,社區發展主任,Community Development Officer,新民黨,New People's Party,4,0
K13,譚凱邦,TAM Hoi-pong,,,M,,總幹事,Chief Executive,新民主同盟,Neo Democrats,3,0
K13,陸偉良,LUK Wai-leung William,,,M,,公司董事,Director,新思維,Third Side,2,0
K13,曾文典,Tseng Wen-tien Justin,,,M,,公司董事,Managing Director,獨立,Independent,1,0
K14,林發耿,LAM Faat-kang,,,M,,,,,,2,0
K14,王珮芝,WONG Pui-chi,,,F,,社區主任,Community Officer,新民主同盟,Neo Democrats,1,0
K15,呂廸明,LUI Dik-ming,,,F,,演藝工作者,Artist,民建聯,DAB,2,0
K15,陳琬琛,CHAN Yuen-sum Sumly,,,M,,註冊社工,Registered Social Worker,公民黨,Civic Party,1,0
K16,譚芷菲,TAM Tsz-fei,,,F,,社區工作者,Community Service Worker,工聯會,HKFTU,1,0
K16,黃家華,WONG Ka-wa,,,M,,全職議員,Full Time District Councilor,公民黨,Civic Party,2,0
K17,文裕明,MAN Yu-ming,,,M,,保險,Insurance,新界社團聯會/公屋聯會,New Territories Association of Societies/Federation of Public Housing Estate,1,0
K17,賴文輝,LAI Man-fai,,,M,,社區主任,Community Officer,,,2,0
K18,陳振中,CHAN Chun-chung,,,M,,,,民建聯,DAB,2,0
K18,黃志順,WONG Chi-shun Aden,,,M,,,,民主陣線,Democratic Alliance,1,0
K18,陳嘉榮,CHAN Ka-wing,,,M,,平面設計,Graphic Design,民主黨,The Democratic Party,3,0
L01,趙金滿,CHIU Kam-moon,,,M,,公司董事,,,,1,0
L01,歐志遠,AU Chi-yuen,,,M,,土木工程師,Civil Engineer,,,2,0
L02,李靜儀,LI Ching-yee,,,F,,商人,Businessman,民建聯,DAB,2,0
L02,林頌鎧,LAM Chung-hoi,,,M,,全職區議員,Full Time District Councillor,民主黨,The Democratic Party,1,0
L02,王加良,WONG Ka-leung,,,M,,電器技工,,獨立,,3,0
L03,葉文斌,YIP Man-pan,,,M,,立法會議員助理,Legislative Councillor Assistant,民建聯,DAB,1,0
L03,鄧俊滔,TANG Chun-to,,,M,,,,民主黨,The Democratic Party,3,0
L03,吳漢鷹,NG Hon-ying,,,M,,,,,,2,0
L04,馮沛賢,FUNG Pui-yin,,,M,,社區工作者,,工聯會,HKFTU,1,0
L04,江鳳儀,KONG Fung-yi,,,F,,全職區議員,,民協,ADPL,2,0
L05,曾憲康,TSANG Hin-hong,,,M,,區議員,,民建聯,DAB,2,0
L05,錢寶芬,CHIN Po-fun,,,F,,退休公務員,,人民力量,People Power,1,0
L06,陳雲生,CHAN Wan-sang,,,M,,全職區議員,,民建聯,DAB,1,0
L06,譚駿賢,TAM Chun-yin,,,M,,立法會議員助理,Legislative Councilor Assistant,工黨,Labour Party,2,0
L06,林立,LAM Lap,,,M,,電影製作,,友愛安定民生發展同盟,,3,0
L07,朱耀華,CHU Yiu-wah,,,M,,全職區議員,,新民黨,New People's Party,,1
L08,吳觀鴻,NG Koon-hung,,,M,,全職區議員,Full-time District Councillor,,,1,0
L08,韓禮賢,HON Lai-yin,,,M,,,,屯門社區關注組,,2,0
L09,陳有海,CHAN Yau-hoi,,,M,,民選區議員,,工聯會,HKFTU,,1
L10,徐帆,TSUI Fan,,,M,,民選區議員,,工聯會,HKFTU,2,0
L10,陳詩雅,CHAN Sze-nga,,,F,,,,屯門社區關注組,,1,0
L11,古漢強,KWU Hon-keung,,,M,,,,,,3,0
L11,何孝俊,HO Hau-chun,,,M,,貨運文員,Cargo Officer,,,1,0
L11,許卓豪,HUI Cheuk-ho,,,M,,村代表,Village Representative,獨立,Independent,2,0
L12,蘇炤成,SO Shiu-shing,,,M,,商人,Business Man,新民黨,New People's Party,2,0
L12,李錦添,LEE Kam-tim,,,M,,旅遊業,Travel Industry,,,1,0
L13,朱順雅,CHU Shun-nga Beatrice,,,F,,區議員,District Council Member,民主黨,The Democratic Party,1,0
L13,魏嘉豪,NGAI Ka-ho,,,M,,金融業分行經理,Branch Manager of Finance Sector,,,2,0
L13,李桂芳,LI Kwai-fong,,,F,,東主,Owner,獨立,Independent,4,0
L13,黃澤華,WONG Chak-wah,,,M,,工程師,Engineer,,,3,0
L14,李世強,LI Sai-keung,,,M,,執業大律師,Barrister-at-law,,,2,0
L14,戴賢招,TAI Yin-chiu,,Thomas,M,,電訊,Telecom,,,3,0
L14,何英生,HO Ying-sang,,Chris,M,,退休人士,Retiree,,,6,0
L14,甘文鋒,KAM Man-fung,,,M,,社區發展主任,,新民黨,New People's Party,5,0
L14,張偉球,CHEUNG Wai-kau,,,M,,教師,Teacher,,,4,0
L14,龍更新,LUNG Kang-san,,,M,,民選區議員,District Councillor,,,1,0
L15,張恒輝,CHEUNG Hang-fai,,,M,,全職區議員,Full-time District Councillor,民建聯,DAB,1,0
L15,葉麗媚,YIP Lai-mei Natalie,關太,,F,,,,,,2,0
L16,甄紹南,YAN Siu-nam,,,M,,全職社區主任,,民協,ADPL,2,0
L16,侯國東,HAU Kwok-tung,,,M,,,,民建聯,DAB,1,0
L17,梁健文,LEUNG Kin-man,,,M,,,,民建聯,DAB,1,0
L17,周啟廉,CHOW Kai-lim,,,M,,社會服務,Social Service,屯門社區關注組,,2,0
L18,蘇愛群,SO Oi-kwan,,,F,,全職區議員,,民建聯,DAB,2,0
L18,楊智恒,YEUNG Chi-hang,,,M,,律師行文員,,民協,ADPL,1,0
L19,何俊仁,HO Chun-yan,,,M,,律師,Lawyer,民主黨,The Democratic Party,6,0
L19,何君堯,HO Kwan-yiu,,,M,,律師,Solicitor,獨立,Independent,1,0
L19,阮偉忠,YUEN Wai-chung,,,M,,教師,Teacher,快信社會服務團,MESSAGE,2,0
L19,張永偉,CHEUNG Wing-wai,,,M,,,,,,4,0
L19,鄭松泰,CHENG Chung-tai,,,M,,大學教師,University Teacher,熱血公民,Civic Passion,3,0
L19,沈錦添,SHUM Kam-tim,,,M,,退休公務員,,,,5,0
L20,龍瑞卿,LUNG Shui-hing,,,F,,區議員,,民建聯,DAB,,1
L21,李鳳嬋,LEE Fung-sim,,,F,,美國註冊財務策劃師,Registered Financial Planner,民建聯,DAB,1,0
L21,黃麗嫦,WONG Lai-sheung Catherine,,,F,,全職區議員,Full-time District Councilor,民主黨,The Democratic Party,2,0
L22,程志紅,CHING Chi-hung,,,F,,全職區議員,Full Time District Councilor,民建聯,DAB,1,0
L22,官東榮,KWUN Tung-wing,,,M,,保安主任,,,,2,0
L23,李洪森,LEE Hung-sham Lothar,,,M,,,,工聯會,HKFTU,1,0
L23,招儉玲,CHIU Kim-ling,,,F,,兒童教育工作者,Childhood Educator,,,2,0
L24,蘇嘉雯,SO Ka-man,,,F,,律師,Lawyer,新民黨,New People’s Party,1,0
L24,朱韶洪,CHU Siu-hung,大陸朱,,M,,裝修判頭,Decoration Foreman,,,2,0
L25,陳文華,CHAN Man-wah,,,M,,全職區議員,Full-time District Council Member,民建聯,DAB,2,0
L25,林梓晴,LAM Tsz-ching,日青,,F,,,,,,1,0
L26,巫成鋒,MO Shing-fung,,,M,,,,民建聯,DAB,1,0
L26,陳樹英,CHAN Shu-ying Josephine,,,F,,區議員,District Councillor,民主黨,The Democratic Party,3,0
L26,羅浩恩,LAW Ho-yan,,,F,,展覽業務－副總監,Exhibition Sales - Assistant Director,,,2,0
L27,何杏梅,HO Hang-mui,,,F,,全職區議員,Full-time District Councilor,民主黨,The Democratic Party,1,0
L27,鄺珉樀,KWONG Man-tik,,,M,,社會工作員,Social Worker,,,2,0
L28,陳文偉,CHAN Manwell,,,M,,民選區議員,,工聯會,HKFTU,1,0
L28,何偉祥,HO Wai-cheung,,,M,,大學生,University Student,屯門社區關注組,Tuen Mun Community Concern Group,2,0
L29,陶錫源,TO Sheck-yuen,,,M,,公司董事,Company Director,,,2,0
L29,鄧德森,TANG Tak-sum,,,M,,退休人士,Retired Person,,,1,0
M01,黃國雄,WONG Kwok-hung,,,M,,社區幹事,Community Officer,民主陣線,Democratic Alliance,2,0
M01,呂堅,LUI Kin,,,M,,,,民建聯,DAB,1,0
M02,袁敏兒,YUEN Man-yee,,,F,,全職區議員,Full-Time District Councilor,,,,1
M03,黃偉賢,WONG Wai-yin Zachary,,,M,,區議員,District Councillor,民主黨,The Democratic Party,1,0
M03,張芬蘭,CHEUNG Fan-lan,,,F,,註冊社工,Registered Social Worker,民建聯,DAB,2,0
M03,陳惠儀,CHAN Wai-yi,,,F,,社區服務,Community Service,獨立,Independent,3,0
M04,鄺俊宇,KWONG Chun-yu,,,M,,區議員,District Councillor,民主黨,The Democratic Party,2,0
M04,黃玉珍,WONG Yuk-chun,,,F,,立法會議員助理,Assistant of Legislative Councilor,民建聯,DAB,1,0
M05,林廷衞,LAM Ting-wai,,,M,,社區幹事,Community Officer,民主陣線,Democratic Alliance,1,0
M05,蕭浪鳴,SIU Long-ming,,,M,,區議員,District Councillor,民建聯,DAB,2,0
M06,王威信,WONG Wai-shun,,,M,,律師,Solicitor,新民黨,New People’s Party,1,0
M06,莊健成,CHONG Kin-shing,,,M,,公司董事/區議員,Company Director/District Councilor,經民聯,BPA,2,0
M07,麥業成,MAK Ip-sing,,,M,,全職區議員,Full-Time District Councillor,民主陣線,Democratic Alliance,1,0
M07,余仲良,YU Chung-leung,,,M,,執業會計師,Certified Public Accountant,民建聯,DAB,2,0
M07,王偉,WONG Wai,,,M,,商人,,,,3,0
M08,沈豪傑,SHUM Ho-kit,,,M,,律師,Lawyer,,,,1
M09,梁明堅,LEUNG Ming-kin,,,M,,營運經理,Operational Manager,,,,1
M10,程振明,CHING Chan-ming,,,M,,區議員,District Council Member,,,,1
M11,張木林,CHEUNG Muk-lam,,,M,,區議員,DC Member,新界社團聯會,New Territories Association of Societies,,1
M12,鄧慶業,TANG Hing-ip,,,M,,,,,,,1
M13,鄧達善,TANG Tat-sin,,,M,,商人,Merchant,,,1,0
M13,楊家安,YOUNG Ka-on,,,M,,商人,Trader,,,2,0
M14,鄧家良,TANG Ka-leung,,,M,,全職區議員,District Councillor,,,2,0
M14,鄭錦豪,CHENG Kam-ho,,,M,,退休,Retired,,,1,0
M15,陳思靜,CHAN Sze-ching,,,M,,全職區議員,Full Time District Councillor,新民黨,New People’s Party,1,0
M15,梁業鵬,LEUNG Yip-pang,,,M,,,,,,2,0
M16,郭強,KWOK Keung,,,M,,全職區議員,,民建聯,DAB,2,0
M16,周子麒,CHAU Tsz-ki,,,M,,非牟利機構總幹事,Head of Charity,,,1,0
M17,周永勤,CHOW Wing-kan,,,M,,區議員,District Councilor,自由黨,Liberal Party,2,0
M17,高俊傑,KO Chun-kit,,,M,,議員助理,District Councillor Assistant,民建聯,DAB,1,0
M18,黃煒鈴,WONG Wai-ling,,,F,,區議員,District Councilor,民建聯,DAB,1,0
M18,陳家駒,CHAN Ka-kui,,,M,,,,,,2,0
M19,趙秀嫻,CHIU Sau-han,,,F,,,,,,,1
M20,劉桂容,LAU Kwai-yung,,,F,,民選區議員,Elected District Council Member,工聯會,HKFTU,2,0
M20,強國偉,KEUNG Kwok-wai,,,M,,議員助理,Councillor Assistant,工黨,Labour Party,1,0
M21,黃裕材,WONG Yu-choi,,,M,,商人,Merchant,,,3,0
M21,郭慶平,KWOK Hing-ping,,,M,,區議員,District Council Member,,,1,0
M21,黃遠輝,WONG Yuen-fai,,,M,,建築商人,Contractor,,,2,0
M22,陸頌雄,LUK Chung-hung,,Michael,M,,民選區議員,Elected District Council Member,工聯會,HKFTU,3,0
M22,王百羽,WONG Pak-yu,,,M,,社區幹事,Community Executive,天水圍民生關注平台,Tin Shui Wai New Force,1,0
M22,張國棟,CHEUNG Kwok-tung,,,M,,活動統籌顧問,,,,2,0
M23,姚國威,YIU Kwok-wai,,,M,,民選區議員,Elected District Council Member,工聯會,HKFTU,,1
M24,鄧焯謙,TANG Cheuk-him,,,M,,全職區議員,Full-time District Council Member,工聯會,HKFTU,1,0
M24,蘇永宙,SO Wing-chau,,,M,,鎖匠,Locksmith,,,2,0
M25,李月民,LEE Yuet-man,,,M,,社會工作者,Social Worker,,,1,0
M25,何惠芳,HO Wai-fong Polly,,,F,,註冊社工,Registered Social Worker,,,2,0
M26,陳美蓮,CHAN Mei-lin,,,F,,元朗區議員,Yuen Long District Council Councillor,,,1,0
M26,程容輝,CHING Yung-fai,,,M,,講師-金融投資,Lecturer- Finance & Investment,民建聯,DAB,2,0
M27,馬淑燕,MA Shuk-yin,,,F,,社區服務,Community Services,民建聯,DAB,1,0
M27,王佩賢,WONG Pui-yin Agatha,劉太,,F,,議員助理/社區主任,Councillor Assistant/Community Officer,,,2,0
M28,梁榮生,LEUNG Chin-hang,恆仔,Pliskin,M,,小學導師,Student Tutor,,,2,0
M28,梁志祥,LEUNG Che-cheung,,,M,,全職議員,Full-time Council Member,民建聯/新界社團聯會,DAB/NTAS,1,0
M29,吳玉英,NG Yuk-ying,,Katy,F,,社區幹事,Community Officer,民主黨,The Democratic Party,1,0
M29,湛家雄,CHAM Ka-hung Daniel,,,M,,,,,,2,0
M30,黃卓健,WONG Cheuk-kin,,,M,,區議員,District Councillor,新民黨,New People's Party,1,0
M30,莫炎熙,MOK Yim-hay,,,M,,退休,Retire,,,2,0
M31,邱帶娣,YAU Tai-tai,,,F,,區議員,District Councillor,,,3,0
M31,梁煒堃,LEUNG Wai-kwan,,,M,,顧問,Strategic Partner,,,2,0
M31,杜嘉倫,TO Ka-lun,,,M,,資訊科技,Information Technology,,,1,0
M32,文光明,MAN Kwong-ming,,,M,,新田全職民選區議員,Full Time San Tin District Council Member,,,1,0
M32,文貴旗,MAN Kwai-ki,,,M,,公司董事,,,,2,0
M33,鄧卓然,TANG Cheuk-yin,,,M,,商人,Businessman,,,,1
M34,鄧鎔耀,TANG Yung-yiu Ronnie,,,M,,八鄉北創會主席,PHN-Chairman,,,2,0
M34,鄧志光,TANG Chi-kwong,,,M,,社區幹事,,,,1,0
M35,黎偉雄,LAI Wai-hung,,,M,,區議員,District Councilor,,,2,0
M35,朱凱廸,CHU Hoi-dick Eddie,,,M,,社區組織者,Community Organizer,土地正義聯盟,Land Justice League,1,0
N01,羅世恩,LAW Sai-yan,,,M,,全職區議員,Full Time District Councilor,民主黨,The Democratic Party,1,0
N01,劉明堅,LIU Ming-kin,阿堅,Andy,M,,地區幹事,District Assistant,自由黨,Liberal Party,3,0
N01,曾興隆,TSANG Hing-lung,,,M,,立法會議員助理,Assistant of Legislative Councillor,民建聯,DAB,2,0
N02,彭振聲,PANG Chun-sing George,,,M,,註冊專業工程師,Registered Professional Engineer,獨立,Independent,2,0
N02,黃晉靈,WONG Chun-ning,,,M,,有機種植顧問,,新思維,Third Side,1,0
N03,陳旭明,CHAN Yuk-ming,,,M,,社區幹事,Community Organizer,民主黨,The Democratic Party,2,0
N03,阮海偉,YUEN Hoi-wai Feder,,,M,,社工,Social Worker,獨立,Independent,4,0
N03,葉曜丞,YIP Yiu-shing Chris,,,M,,區議員,District Councilor,獨立,Independent,1,0
N03,黃嘉浩,WONG Ka-ho,,,M,,平面設計師,Graphic Designer,北區動源,North of The Rings,3,0
N04,姚銘,YIU Ming,,,M,,區議員/理財策劃經理,District Council Member/Financial Planning Manager,民建聯/新社聯,DAB/NTAS,,1
N05,陳惠達,CHAN Wai-tat,,,M,,,,新民主同盟,Neo Democrats,2,0
N05,賴心,LAI Sum,,,M,,全職區議員,Full Time District Councillor,民建聯,DAB,1,0
N06,劉國勳,LAU Kwok-fan,,,M,,區議員,District Councillor,民建聯,DAB,,1
N07,温和達,WAN Wo-tat Warwick,,,M,,民選區議員,Elected District Councillor,工聯會,HKFTU,,1
N08,何樹光,HO Shu-kwong Raymond,,,M,,行政總裁,Chief Executive Officer,獨立,Independent,1,0
N08,黃成智,WONG Sing-chi,,,M,,社會工作者,Social Worker,新思維,Third Side,2,0
N09,藍偉良,LARM Wai-leung,,,M,,,,民建聯,DAB,,1
N10,曾勁聰,TSANG King-chung Kent,,,M,,區議員,District Councillor,工聯會,HKFTU,1,0
N10,侯榮光,HAU Wing-kong Alvan,,,M,,商人,Merchant,自由黨,Liberal Party,3,0
N10,石房有,SHEK Fong-yau,,,M,,健身教練,Fitness Trainer,忠義民團,,2,0
N11,侯福達,HAU Fuk-tat Simon,,,M,,商人,Merchant,獨立,Independent,2,0
N11,侯金林,HAU Kam-lam,,,M,,全職區議員,Full Time District Councilor,民建聯,DAB,1,0
N12,蘇西智,SO Sai-chi,,,M,,全職區議員,Full Time District Councillor,民建聯,DAB,1,0
N12,梁金成,LEUNG Kam-shing Clarence Ronald,,,M,,倉務主任,Warehouse Supervisor,北區水貨客關注組,North District Parallel Imports Concern Group,2,0
N13,林卓廷,LAM Cheuk-ting,,,M,,總幹事,Chief Executive,民主黨,The Democratic Party,3,0
N13,劉匡健,LAU Hon-kin,,,M,,,,,,1,0
N13,王潤強,WONG Yun-keung Simon,,,M,,教師,Teacher,民建聯,DAB,2,0
N14,黃宏滔,WONG Wang-to,,,M,,區議員,District Councilor,工聯會,HKFTU,2,0
N14,潘德榮,POON Tak-wing,,,M,,退休商人,Retired Businessman,民主黨,The Democratic Party,1,0
N14,李政熙,LEE Ching-hei,,,M,,,,熱血公民,Civic Passion,3,0
N15,廖國華,LIU Kwok-wah,,,M,,區議員,District Councillor,,,2,0
N15,廖興洪,LIU Hing-hung,,,M,,商人,Merchant,民建聯,DAB,3,0
N15,余萬光,YU Man-kwong,,,M,,安全主任,Safety Officer,,,1,0
N16,朱愛平,CHU Oi-ping,,,M,,,,,,4,0
N16,温和輝,WAN Wo-fai,,,M,,商人,Merchant,民建聯,DAB,1,0
N16,曾玉安,TSANG Yuk-on,,,M,,退休教師,Retired Teacher,,,2,0
N16,張貴財,CHEUNG Kwai-choi,,,M,,社區幹事,Community Officer,打鼓嶺坪輋保衛家園聯盟,,3,0
N17,劉其烽,LAU Ki-fung,,,M,,社區發展主任,Community Development Officer,民主黨,The Democratic Party,1,0
N17,柯倩儀,OR Sin-yi Windy,,,F,,區議員,District Council Member,民建聯,DAB,2,0
N17,余智成,YU Chi-shing Paul,,,M,,行政人員,Executive,獨立,Independent,3,0
N18,鄧根年,TANG Kun-nin Tony,,,M,,商人,Merchant,民建聯,DAB,,1
P01,李國英,LI Kwok-ying,,,M,,律師,Solicitor,民建聯,DAB,1,0
P01,蔡咏梅,CHOY Wing-mui Molly,,,F,,家庭主婦,Housewife,,,2,0
P02,區鎮樺,AU Chun-wah,,,M,,全職區議員/資深社區工作者,Full Time District Councillor/Senior Community Worker,民主黨,The Democratic Party,2,0
P02,梅少峰,MUI Siu-fung,,,M,,社區工作者,,民建聯,DAB,1,0
P02,文偉強,Man Wai-keung,,,M,,攝影師,Photographer,獨立,Independent,3,0
P03,雷諾,LUI Nok,,,M,,議員助理/兼職室內設計師,Councillor's Assistant/Part Time Interior Designer,民主黨,The Democratic Party,1,0
P03,譚榮勳,TAM Wing-fun Eric,譚Sir,,M,,註冊社工,Social Worker,民建聯,DAB,2,0
P04,區鎮濠,AU Chun-ho,,,M,,議員助理,Councillor's Assistant,民主黨,The Democratic Party,1,0
P04,鄭俊平,CHENG Chun-ping,,,M,,全職區議員,Full-time District Councillor,民建聯,DAB,2,0
P05,王秋北,WONG Chau-pak,,,M,,區議員,D.C. Member,民建聯,DAB,1,0
P05,任萬全,YAM Man-chuen,,,M,,,,,,2,0
P06,任啟邦,YAM Kai-bong,,,M,,全職區議員,Full-time District Councillor,新民主同盟,Neo Democrats,2,0
P06,張鳳燕,CHEUNG Fung-yin,,,F,,商人,,民建聯,DAB,1,0
P07,陳勇華,CHAN Yung-wa,,,M,,金融服務業,Financial Services,工聯會,HKFTU,2,0
P07,關永業,KWAN Wing-yip,,,M,,全職區議員,Full-time District Councillor,新民主同盟,Neo Democrats,1,0
P08,黃碧嬌,WONG Pik-kiu,,,F,,註冊社工/全職區議員,Social Worker/Full-time District Council Member,民建聯,DAB,1,0
P08,郭樹仁,KWOK Shu-yan,,,M,,辦公室助理,Office Assistant,,,2,0
P08,周弘隆,CHOW Benjamin,,,M,,社區工作者,Community Worker,,,3,0
P09,文念志,MAN Nim-chi,,,M,,議員助理,Councillor's Assistant,民主黨,The Democratic Party,2,0
P09,胡健民,Woo Kin-man Clement,,,M,,行政管理,Management,民建聯,DAB,1,0
P10,陳笑權,CHAN Siu-kuen,,,M,,區議員,District Councilor,獨立,Independent,,1
P11,余智榮,YU Chi-wing,,Ken,M,,行政人員/區議員,Administrator/D.C. Member,獨立,Independent,2,0
P11,鄭煒,CHENG Wai,,,M,,金融服務業,,獨立,Independent,1,0
P12,胡錦輝,WU Kam-fai,,,M,,商務總監,Commerce Director,,,3,0
P12,郭永健,KWOK Wing-kin,,,M,,全職區議員,Full-time District Councilor,工黨,Labour Party,1,0
P12,羅曉楓,LO Hiu-fung,,,M,,傳媒主任,Media Officer,獨立,Independent,2,0
P13,陳灶良,CHAN Cho-leung,,,M,,全職區議員,Full Time District Council Member,經民聯,Business and Professionals Alliance for Hong Kong,2,0
P13,林春祥,LAM Chun-cheung,,,M,,哥爾夫球教練,Golf Coach,,,3,0
P13,温玉榮,WAN Yuk-wing,,,M,,金融科技工程師,Fin Tech Engineer,獨立,Independent,1,0
P14,周炫瑋,CHOW Yuen-wai,,,M,,立法會議員助理,Legislative Councilor Assistant,新民主同盟,Neo Democrats,1,0
P14,黃容根,WONG Yung-kan,,,M,,漁業,,民建聯,DAB,2,0
P15,鄭俊和,CHENG Chun-wo,,,M,,區議員,Member of the District Council,,,,1
P16,劉勇威,LAU Yung-wai,阿威,,M,,社區主任,Community Officer,獨立,Independent,1,0
P16,張國慧,CHEUNG Kwok-wai,,,M,,營運總監,COO,民建聯,DAB,2,0
P17,鄧銘泰,TANG Ming-tai Patrick,,,M,,建築工程師,BSc. Building Engineer,,,2,0
P17,文春輝,MAN Chen-fai,,,M,,行政顧問,Executive Adviser,經民聯,BPA,1,0
P18,劉志成,LAU Chee-sing,博士,Dr.,M,,區議員/註冊結構工程師,District Councilor/Registered Structural Engineer,獨立,Independent,,1
P19,李貴有,LEE Kwai-yau Victor,,,M,,電子電腦工程師,E&C Engineer,,,2,0
P19,李華光,LI Wah-kwong Rex,,,M,,公司董事,Director,經民聯,BPA,1,0
Q01,吳仕福,NG Sze-fuk,,,M,,公司董事,Director,民建聯,DAB,2,0
Q01,章士傑,CHEUNG Sze-kit Alan,,,M,,行政董事,Administrative Director,獨立,Independent,1,0
Q02,邱戊秀,HIEW Moo-siew,,,M,,區議員,District Councilor,民建聯,DAB,2,0
Q02,浦偉明,PO Wai-ming,,,M,,建築師,Architect,獨立,Independent,1,0
Q03,李家良,LI Ka-leung Philip,,,M,,全職區議員,District Councilor,民建聯,DAB,,1
Q04,劉偉章,LAU Wai-cheung Peter,,,M,,全職區議員,Full-Time District Councilor,,,2,0
Q04,劉敏財,LAU Man-choi Newman,,,M,,宗教文化自由人,Religious Culture Freelancer,獨立,Independent,1,0
Q05,邱玉麟,YAU Yuk-lun,,,M,,民選區議員/技術主任,Elected District Councilor /Technical Officer,民建聯,DAB,2,0
Q05,陸秀貞,LUK Sau-ching,,,F,,政策研究幹事,Policy Research Officer,獨立,Independent,1,0
Q06,吳雪山,NG Shuet-shan,,,M,,民選區議員,,工聯會,,2,0
Q06,謝正楓,TSE Ching-fung,,,M,,註冊社工,Registered Social Worker,民主黨,The Democratic Party,1,0
Q07,黃成光,WONG Shing-kwong,,Jack,M,,退休,Retired,,,1,0
Q07,陳繼偉,CHAN Kai-wai,,,M,,區議員,District Councillor,獨立,Independent,2,0
Q08,莫繡安,MOK Ruby,,,F,,公司董事,Director,獨立,Independent,2,0
Q08,孫柏文,SHUEN Pak-man Andrew,,,M,,財經及時事評論員,Media Commentator,獨立,Independent,3,0
Q08,張展鵬,CHEUNG Chin-pang,,,M,,公司董事,Director,獨立,Independent,4,0
Q08,蘇浩,SO Ho,,,M,,立法會議員助理,Assistant to Member of Legislative Council,人民力量/前綫,People Power/The Frontier,1,0
Q09,周家樂,CHAU Ka-lok,,,M,,,,民建聯,DAB,1,0
Q09,梁里,LEUNG Li,,,M,,區議員,District Councilor,新民主同盟,Neo Democrats,2,0
Q10,吳東河,NG Jacob,,,M,,,,民建聯,DAB,1,0
Q10,何民傑,HO Man-kit Raymond,,,M,,西貢民選區議員,Sai Kung District Council Elected Member,獨立,Independent,2,0
Q11,高永聯,KO Wing-luen,,,M,,,,工聯會,,3,0
Q11,呂文光,LUI Man-kwong,,,M,,議員助理,,新民主同盟,Neo Democrats,2,0
Q11,歐陽浩崑,AU-YEUNG Ho-kwan,,,M,,,,獨立,Independent,1,0
Q12,石遠康,SHEK Yuen-hon,,,M,,,,,,3,0
Q12,陸平才,LUK Ping-choi,,,M,,教師,Teacher,,,1,0
Q12,呂劍豪,LUI Kim-ho,,Kim,M,,項目工程師,Project Engineer,獨立,Independent,2,0
Q13,黃天佑,WONG Tin-yau,,,M,,事務律師,Solicitor,獨立,Independent,4,0
Q13,黎銘澤,LAI Ming-chak,,,M,,議員助理,Legislative Assistant,新民主同盟,Neo Democrats,5,0
Q13,李新,LEE Sun Antony,,,M,,執業會計師,Certified Public Accountant (Practising),獨立,,3,0
Q13,陳展浚,CHAN Chin-chun,,Cyrus,M,,全職社區主任,Full-Time Community Officer,獨立,Independent,2,0
Q13,李國培,LEE Kwok-pui,,,M,,退休公務員,Retired Civil Servant,,,1,0
Q14,余啟津,YU Kai-chun,,,M,,,,工聯會,,2,0
Q14,周賢明,CHAU Yin-ming Francis,,,M,,社工,Social Worker,獨立,Independent,1,0
Q15,陳健浚,CHAN Kin-chun Ken,,,M,,,,新民黨/公民力量,New People's Party/ Civil Force,1,0
Q15,林少忠,LAM Siu-chung Frankie,,,M,,全職區議員,,民主黨,The Democratic Party,2,0
Q16,譚領律,TAM Lanny,,,M,,註冊社工/區議員,Registered Social Worker/District Councillor,新民黨/公民力量,New People's Party/ Civil Force,2,0
Q16,陳源彬,CHAN Yuen-pan,,,M,,公司董事,,,,1,0
Q17,區能發,AU Ning-fat Alfred,,,M,,全職區議員,,新民黨/公民力量,,1,0
Q17,張志董,CHEUNG Chi-tung,,,M,,公司董事/社區幹事,,,,3,0
Q17,黃樂然,WONG Lok-yin,,Rocky,M,,公司董事,Director,自由黨,Liberal Party,2,0
Q18,鍾錦麟,CHUNG Kam-lun,,Ben,M,,區議員,District Council Member,新民主同盟,Neo Democrats,2,0
Q18,楊浩泉,YEUNG Ho-chuen,泉仔,Harris,M,,地區幹事,,自由黨,Liberal Party,1,0
Q18,廖子聰,LIU Tsz-chung Michael,子聰,,M,,金融從業員,,新民黨/公民力量,New People's Party/ Civil Force,3,0
Q19,申偉基,SUN Wai-kei,,,M,,律師,Solicitor,獨立,,1,0
Q19,范國威,FAN Gary Kwok-wai,,,M,,區議員/立法會議員,,新民主同盟,Neo Democrats,2,0
Q19,黎子華,LAI Tze-wah,,,M,,傳媒工作者,Media Worker,獨立,Independent,3,0
Q20,温啟明,WAN Kai-ming,,,M,,,,民建聯,DAB,1,0
Q20,林咏然,LAM Wing-yin,,,M,,全職議員,District Councillor,民主黨,The Democratic Party,2,0
Q21,凌文海,LING Man-hoi,,,M,,區議員,,民建聯,DAB,1,0
Q21,曾浩文,TSANG Ho-man,,,M,,,,民主黨,The Democratic Party,2,0
Q22,陳博智,CHAN Pok-chi,,,M,,區議員,District Councilor,民建聯,DAB,2,0
Q22,陳耀銘,CHAN Yiu-ming,,,M,,社區顧問,Community Adviser,獨立,Independent,1,0
Q23,温悅昌,WAN Yuet-cheung,,,M,,區議員,District Council Member,新民黨/公民力量,New People's Party/ Civil Force,,1
Q24,蔡乾正,CHOI Kin-ching,蔡春曉,CHOI Chun Hiu,M,,室內設計師,Interior Designer,獨立,,1,0
Q24,簡兆祺,KAN Siu-kei,,,M,,全職民選區議員,,工聯會,,2,0
Q24,黃輝,WONG Fai,,,M,,家居維修技術員,,人民力量/前綫,People Power/The Frontier,3,0
Q25,莊元苳,CHONG Yuen-tung,,,M,,全職區議員,Full-time District Councilor,民建聯,DAB,3,0
Q25,舒孝傑,SHI Hau-kit Simon,,,M,,運輸公司東主,,,,1,0
Q25,蔡明禧,CHOI Ming-hei,,,M,,助理工程師,Assistant Engineer,獨立,Independent,2,0
Q26,崔定邦,CHUI Ting-pong,阿邦,,M,,地區幹事,,自由黨,Liberal Party,1,0
Q26,方國珊,FONG Kwok-shan Christine,哪吒,,F,,環保區民選區議員/工程師,,獨立,Independent,2,0
Q27,胡綽謙,WU Cheuk-him,,,M,,立法會議員助理,Legislative Councilor's Assistant,民建聯,DAB,2,0
Q27,張美雄,CHEUNG Mei-hung,,,M,,全職環保區議員助理,Full Time Assistant of Wan Po District Council,獨立,Independent,1,0
R01,黃自勇,WONG Chi-yung,,Alf WONG,M,,科技公司董事,Director of Technology Company,民建聯,DAB,1,0
R01,衞慶祥,WAI Hing-cheung,,,M,,高級副總裁,Senior Vice President,泛民區選聯盟,Democratic Coalition for DC Election,2,0
R02,黃浩銘,WONG Ho-ming,,,M,,社會政策主任,Social Policy Officer,社民連,LSD,2,0
R02,黃宇翰,WONG Yue-hon,,,M,,區議員,District Council Member,公民力量/新民黨,Civil Force/New People's Party,1,0
R03,李德華,LEE Tak-wah,,,M,,技術經理,Technical Manager,,,3,0
R03,余倩雯,YUE Shin-man Anna,,Anna,F,,全職區議員,Full Time District Councilor,民建聯,DAB,1,0
R03,李煒鋒,LEE Wai-fung,,Deco,M,,全職社區主任,Community Officer,人民力量,People Power,2,0
R04,黃嘉榮,WONG Ka-wing,,,M,,區議員,District Councillor,新民黨,New People's Party,,1
R05,梁家輝,LEUNG Ka-fai,,,M,,區議員,District Councillor,新民黨/公民力量,New People's Party/ Civil Force,,1
R06,黎梓恩,LAI Tsz-yan,,,M,,全職社區服務,Full-time Community Service,獨立,Independent,2,0
R06,梁志偉,LEUNG Chi-wai,,,M,,全職區議員,Full-time District Councilor,自由黨,Liberal Party,1,0
R07,陳兆陽,CHAN Billy Shiu-yeung,,,M,,議員助理,Councilor Assistant,新民主同盟,Neo Democrats,1,0
R07,楊倩紅,Yeung Sin-hung,,,F,,區議員,District Council Member,新民黨/公民力量,New People's Party/ Civil Force,2,0
R08,趙柱幫,CHIU Chu-pong,,,M,,議員助理,Councillor Assistant,新民主同盟,Neo Democrats,1,0
R08,陳國添,CHAN Kwok-tim,,,M,,區議員,District Councilor,公民力量/新民黨,Civil Force/ New People's Party,2,0
R09,葉家明,YIP Ka-ming Michael,,,M,,高級經理（物業及設施）,Senior Manager (Property and Facility),新民黨/公民力量,New People's Party/ Civil Force,2,0
R09,丘文俊,YAU Man-chun,,,M,,全職區議員,District Councillor,新民主同盟,Neo Democrats,3,0
R09,周秉謙,CHAU Ping-him,謙仔,,M,,社區發展幹事,District Development Officer,經民聯,BPA,1,0
R10,梁家瑋,LEUNG Ka-wai,,,M,,社區發展主任,,新民黨/公民力量,New People's Party/ Civil Force,1,0
R10,陳諾恒,CHAN Nok-hang,,,M,,區議員,District Councillor,民主黨,The Democratic Party,2,0
R11,李樂昕,LI Lok-yan,,,F,,立法會議員助理,Assistant of Legislative Council Member,工聯會,HKFTU,1,0
R11,程張迎,CHING Cheung-ying,,,M,,中學教師,Secondary School Teacher,民主黨,The Democratic Party,2,0
R12,許鋭宇,HUI Yui-yu,,,M,,政策研究,Research Officer,新民主同盟,Neo Democrats,1,0
R12,黃澤標,WONG Chak-piu Philip,,,M,,區議員,District Councillor,公民力量/新民黨,Civil Force/New People's Party,2,0
R13,林松茵,LAM Chung-yan,,,F,,區議員/註冊社工,"District Councilor, Registered Social Worker",公民力量/新民黨,Civil Force/New People's Party,1,0
R13,莫偉雄,MOK Wai-hung,,,M,,註冊社工/持牌營業員,R.S.W. Register Social Worker/Licensed Salesperson,民主黨,The Democratic Party,2,0
R14,唐學良,TONG Hok-leung,,,M,,社區發展主任,District Development Officer,新民黨/公民力量,New People's Party/ Civil Force,1,0
R14,李源錦,LEE Yuen-kam,,,M,,退休,Retired,,,2,0
R14,莊耀勤,CHONG Yiu-kan Sherman,,,M,,區議員/執業會計師,District Councillor/ Certified Public Accountant (Practising),,,3,0
R15,何厚祥,HO Hau-cheung,,,M,,區議員,District Councilor,新民黨/公民力量,New People's Party/ Civil Force,3,0
R15,黃良喜,WONG Leung-hi,,,M,,公司董事,Company Director,獨立,Independent,1,0
R15,張德榮,CHEUNG Tak-wing,,,M,,退休攝影記者,Retired Photojournalist,,,2,0
R16,何國華,HO Kwok-wah George,,,M,,執業會計師,Certified Public Accountant (Practising),公民力量/新民黨,Civil Force/New People's Party,2,0
R16,吳錦雄,NG Kam-hung,,,M,,沙田區議員,Shatin District Councillor,民主黨,The Democratic Party,1,0
R17,潘國山,PUN Kwok-shan,,,M,,區議員,District Councilor,新民黨/公民力量,New People's Party/ Civil Force,,1
R18,韋德麟,WAI Tak-lun,,,M,,社區發展主任,Community Development Officer,新民黨/公民力量,New People's Party/Civil Force,1,0
R18,李世鴻,LI Sai-hung,,,M,,行政主任,Executive Officer,新民主同盟,Neo Democrats,3,0
R18,李錦明,LEE Kam-ming,,,M,,沙田區議員,Shatin District Council Member,,,2,0
R19,董健莉,TUNG Kin-lei,阿莉,,F,,全職區議員,Full-time District Councilor,民建聯,DAB,1,0
R19,梁鎮軒,LEUNG Chun-hin,,,M,,,,沙田社區網絡,Shatin Community Network,2,0
R20,鄧永昌,TANG Wing-cheong,,,M,,金融證券從業員,,公民力量/新民黨,Civil Force/New People's Party,3,0
R20,勞越洲,LO Yuet-chau,,,M,,中學老師,Secondary School Teacher,,,2,0
R20,黃學禮,WONG Hok-lai,,,M,,全職社區主任,Full-time Community Officer,沙田社區網絡,Shatin Community Network,1,0
R21,彭長緯,PANG Cheung-wai Thomas,,,M,,,,民建聯,DAB,2,0
R21,邱智堅,YAU Chi-kin,阿堅,,M,,系統分析員,System Analyst,公民黨,Civic Party,1,0
R21,李瑞霞,LI Sui-ha,,Lisa,F,,花店東主,Owner of Flower Shop,,,3,0
R22,龐愛蘭,PONG Scarlett Oi-lan,,,F,,藥劑師,Pharmacist,,,1,0
R22,陳文煇,CHAN Man-fai,,,M,,項目幹事,Project Officer,公民黨,Civic Party,2,0
R23,何偉樂,HO Wai-lok,,Ronald,M,,地區幹事,,自由黨,Liberal Party,1,0
R23,蕭顯航,SIU Hin-hong,,,M,,全職區議員,Full Time District Councilor,,,2,0
R23,鄭榮宗,CHENG Wing-chung,,PC,M,,IT經理,IT Manager,,,3,0
R24,葉榮,YIP Wing,,,M,,議員助理,Councilor Assistant,工黨,Labour Party,2,0
R24,葛珮帆,QUAT Elizabeth,,EQ,F,,立法會議員/區議員,Legislative Councilor/District Councilor,民建聯,DAB,1,0
R25,楊文鋭,YEUNG Man-yui,,Gary,M,,區議員/數碼媒體策略顧問,District Councilor/Digital Communications Consultant,民建聯,DAB,1,0
R25,陳國強,CHAN Kwok-keung,,James,M,,董事,Director,,,2,0
R26,李子榮,LEE Chi-wing Alvin,,,M,,中學教師,Secondary School Teacher,,,1,0
R26,文志偉,MAN Chi-wai,,,M,,,,獨立,Independent,2,0
R27,江卓偉,KONG Cheuk-wai,,,M,,測量,Surveying,,,2,0
R27,羅棣萱,LO Tai-suen Ada,,,F,,中心主任,Center-In-Charge,民建聯,DAB,3,0
R27,麥潤培,MAK Yun-pui,麥仔,Chris Mak,M,,區議員/註冊社工,District Council Member / Social Worker,民主動力,Power for Democracy,1,0
R28,羅光強,LAW Kwong-keung,,KK,M,,全職區議員,Full Time District Councilor,公民力量/新民黨,Civil Force / New People's Party,2,0
R28,曾素麗,TSANG So-lai,,,F,,議員助理,Councillor Assistant,民主黨,The Democratic Party,1,0
R29,蕭震然,SIO Chan-in Devin,,,M,,大律師,Barrister,民建聯,DAB,2,0
R29,李永成,LI Wing-shing,,,M,,立法會議員助理,Legislative Councillor's Assistant,民主黨,The Democratic Party,1,0
R30,李寶妹,LI Po-mui,霍太,,F,,,,,,2,0
R30,丁仕元,TING Tsz-yuen,丁仔,,M,,立法會議員助理,Legislative Councillor's Assistant,民主黨,The Democratic Party,3,0
R30,羅兆冲,LAW Siu-chun,,,M,,自僱: 電腦維修員,Selfemployed: Computer Maintenance Worker,,,4,0
R30,湯寶珍,TONG Po-chun,,,F,,區議員,District Councillor,,,1,0
R31,李世榮,LI Sai-wing,,,M,,區議員,District Council Member,民建聯/新社聯,DAB/NTAS,1,0
R31,張碧霞,CHEUNG Pik-ha,,,F,,,,,,2,0
R32,林德偉,LAM Tak-wai,,,M,,社區工作者,Community Worker,工聯會,HKFTU,1,0
R32,鄭則文,CHENG Tsuk-man,,,M,,區議員,District Councilor,民主黨,The Democratic Party,2,0
R33,招文亮,CHIU Man-leong,,,M,,區議員,District Councillor,民建聯,DAB,1,0
R33,游月華,YAU Yuet-wah Donna,,,F,,公司董事,Company Director,民主黨,The Democratic Party,2,0
R34,張子賢,CHEUNG Chi-yin,,,M,,社區幹事,Community Officer,民建聯,DAB,2,0
R34,容溟舟,YUNG Ming-chau Michael,,,M,,區議員,District Councilor,,,1,0
R35,姚嘉俊,YIU Ka-chun,,,M,,區議員,District Councillor,新民黨/公民力量,New People's Party/ Civil Force,,1
R36,翁愛明,OWEN Oi-ming Emily,,,F,,職員,Staff,,,1,0
R36,劉偉倫,LAU Wai-lun,,,M,,全職區議員,Full Time District Councillor,,,3,0
R36,黄冰芬,WONG Ping-fan,,,F,,註冊社工,Registered Social Worker,民建聯,DAB,2,0
R37,吳惠靈,WONG Fu-sang,,,M,,文書主任,Trading,工黨,DAB,3,0
R37,王虎生,NG Wai-ling,,,F,,貿易,Clerical Officer,民建聯,Labour Party,2,0
R37,蔡振超,CHOI Chun-chiu Paul,,,M,,多媒體製作公司創辦人,Multimedia Manufacturing Founder,獨立,Independent,1,0
R38,陳敏娟,CHAN Man-kuen,,,F,,全職區議員,Full-time District Councilor,新民黨/公民力量,New People’s Party/ Civil Force,1,0
R38,宋子明,SUNG Tsz-ming,,,M,,司機/棒球教練,Driver/Baseball Coach,工黨,Labour Party,2,0
S01,梁志豪,LEUNG Chi-ho,,,M,,社區工作者,,工聯會,HKFTU,2,0
S01,梁志成,LEUNG Chi-shing,,,M,,列車車長,Train Captain,街工,NWSC,1,0
S02,巫辰冬,MO Sang-tung,,,F,,社區主任,,民建聯,DAB,2,0
S02,梁廣昌,LEUNG Kwong-cheong,,,M,,粵劇團市場推廣經理,Marketing Manager,獨立,Independent,3,0
S02,周偉雄,CHOW Wai-hung Rayman,,,M,,區議員,,街工,NWSC,4,0
S02,陳玉玲,CHAN Yuk-ling,,,F,,社團幹事,Community Staff,,,1,0
S03,許祺祥,HUI Kei-cheung,,,M,,區議員,Full Time District Councilor,民主黨,The Democratic Party,2,0
S03,劉展鵬,LAU Chin-pang,,,M,,,,工聯會,HKFTU,1,0
S04,黃炳權,WONG Bing-kuen,,,M,,全職區議員,Full Time Member of District Council,民主黨,The Democratic Party,1,0
S04,張偉文,CHEUNG Wai-man,,,M,,高級維修技工,Sr. Artisan,工聯會,HKFTU,2,0
S05,梁崗銘,LEUNG Kong-ming,,,M,,會計師/社區工作者,Accountant/Community Worker,民建聯,DAB,2,0
S05,梁錦威,LEUNG Kam-wai,,,M,,區議員,District Council Member,街工,NWSC,1,0
S06,李宏峯,LEE Wang-fung,,,M,,註冊教師,Registered Teacher,民建聯,DAB,1,0
S06,黃潤達,WONG Yun-tat,,,M,,區議員,District Council Member,街工,NWSC,2,0
S07,李世隆,LI Sai-lung,,,M,,社區主任,Community Officer,民建聯,DAB,1,0
S07,尹兆堅,WAN Siu-kin Andrew,,,M,,區議員,District Councillor,民主黨,The Democratic Party,2,0
S08,梁子穎,LEUNG Tsz-wing Dennis,,,M,,中學教師,Teacher,工聯會,HKFTU,1,0
S08,梁永權,LEUNG Wing-kuen,,,M,,志願機構項目主任,"Project Officer, N.G.O.",民主黨,The Democratic Party,2,0
S09,吳家超,NG Ka-chiu,,,M,,社區發展主任,Community Development Officer,新民黨,New People's Party,2,0
S09,梁國華,LEUNG Kwok-wah,,,M,,全職區議員,Full-time District Council Member,民主黨,The Democratic Party,1,0
S10,張燁媚,CHEUNG Ip-mei,,,F,,社區主任,Community Officer,民建聯,DAB,2,0
S10,林紹輝,LAM Siu-fai,,,M,,葵青區議員,Kwai Tsing District Councilor,民主黨,The Democratic Party,1,0
S11,郭芙蓉,KWOK Fu-yung,,,F,,社區主任,Community Officer,民建聯,DAB,1,0
S11,徐生雄,TSUI Sang-hung Sammy,,,M,,全職區議員,Full-time District Council Member,民主黨,The Democratic Party,2,0
S12,陳萬聯應,CHAN Man-luen-ying,,,M,,註冊社工,Register Social Worker,港九勞工社團聯會,HKFLU,2,0
S12,梁耀忠,LEUNG Yiu-chung,,,M,,全職議員,Councilor,街工,NWSC,1,0
S13,黃耀聰,WONG Yiu-chung,,,M,,區議員,District Councilor,經民聯,BPA,3,0
S13,戴沛珊,TAI Pui-shan Christabel Donna,,,F,,退休,Retired,,,1,0
S13,阮國基,YUEN Kwok-ki,,,M,,前「司法機構」法庭書記,Former ‘Judiciary’ Court Clerk,獨立,Independent,2,0
S14,朱麗玲,CHU Lai-ling,,,F,,,,民建聯,DAB,,1
S15,鮑銘康,PAU Ming-hong,,,M,,助理統籌主任,Assistant Co-ordinator,民建聯,DAB,1,0
S15,盧慧蘭,LO Wai-lan,,,F,,全職區議員,District Councillor,經民聯,BPA,2,0
S15,陳德章,CHAN Tak-cheung,,,M,,社民連秘書長/碩士生,Secretary General of HKLSD/Postgraduate Student,社民連,LSD,3,0
S16,吳劍昇,NG Kim-sing,,,M,,葵青區議員,Kwai Tsing District Councilor,民主黨,The Democratic Party,2,0
S16,梁嘉銘,LEUNG Kar-ming,,,F,,,,民建聯,DAB,1,0
S17,周奕希,CHOW Yick-hay,,,M,,區議員,District Council Member,獨立,Independent,,1
S18,劉美璐,LAU Mei-lo,,,F,,全職區議員,District Councillor,工聯會,HKFTU,1,0
S18,梁靜珊,LEUNG Ching-shan,,,F,,註冊社工,Registered Social Worker,街工,NWSC,2,0
S19,譚惠珍,TAM Wai-chun,,,F,,區議員,District Councilor,經民聯,BPA,1,0
S19,劉肇恒,LAU Siu-hang,,,M,,立法會議員助理,LegCo Member Assistant,民主黨,The Democratic Party,2,0
S20,麥美娟,MAK Mei-kuen Alice,,,F,,全職議員,,工聯會,HKFTU,,1
S21,鄭曉玲,CHENG Hiu-ling,,Elaine,F,,執行董事,Executive Director,,,1,0
S21,陳笑文,CHAN Siu-man Simon,,,M,,區議員,District Councilor,獨立,Independent,4,0
S21,余立安,YU Lap-on,,,M,,經理-園境服務,Manager-Landscape Services,獨立,Independent,3,0
S21,趙哲妤,CHIU Chit-ue,,Uny,F,,主播,Anchor,獨立,Independent,2,0
S22,張慧晶,CHEUNG Wai-ching Clarice,,,F,,區議員,District Council Member,,,1,0
S22,潘小屏,POON Siu-ping Nancy,,,F,,區議員,District Councillor,,,2,0
S23,李志強,LEE Chi-keung Alan,,,M,,區議員,District Councilor,經民聯,BPA,1,0
S23,黃光武,WONG Kwong-mo,,,M,,高級環保大使,,民主黨,The Democratic Party,2,0
S24,徐曉杰,TSUI Hiu-kit,,,M,,區議員,District Councilor,新民黨,New People's Party,,1
S25,梁偉文,LEUNG Wai-man,,,M,,,,民建聯,DAB,2,0
S25,傅滿芳,Fu Moon-fong Ferdinand,,,M,,導師,Tutor,,,1,0
S26,潘志成,POON Chi-shing,,,M,,區議員,District Council Member,民建聯,DAB,2,0
S26,葉荏碩,IP Yam-shek Johnathan,,,M,,資訊科技顧問,IT Consultant,青年新政,Youngspiration,1,0
S27,林立志,LAM Lap-chi,,,M,,全職區議員,Full Time District Councilor,民主黨,The Democratic Party,2,0
S27,夏龍雲,HA Lung-wan,,,M,,,,,,4,0
S27,盧婉婷,LO Yuen-ting,,,F,,社區主任,Community Officer,民建聯,DAB,3,0
S27,雷可畏,LUI Ko-wai,,,M,,車行顧問,Car Dealer Consultant,獨立,Independent,1,0
S28,李漢森,LEE Hon-sam,,,M,,網站開發員,Web Developer,青發生活關注組,Ching Fat Living Concern,3,0
S28,林翠玲,LAM Chui-ling Nancy,,,F,,校長,Principal,獨立,Independent,4,0
S28,劉子傑,LAU Chi-kit,,,M,,立法會議員助理,LegCo Member Assistant,民主黨,The Democratic Party,2,0
S28,黃健朗,WONG Kin-long,,,M,,放射師,Radiographer,,,1,0
S29,羅競成,LAW King-shing,,,M,,,,民建聯,DAB,1,0
S29,何志偉,HO Chi-wai,,,M,,中學教師,Secondary School Teacher,民主黨,The Democratic Party,3,0
S29,黃俊傑,WONG Chun-kit,,,M,,理財顧問,Financial Consultant,青年新政,Youngspiration,2,0
T01,余漢坤,YU Hon-kwan,,Randy,M,,公司行政人員,Company Executive,,,1,0
T01,袁玉華,YUEN Yuk-wah,,,M,,商人,Businessman,,,3,0
T01,劉敬彰,LAU King-cheung,,,M,,自僱人士,Self-employed Person,,,2,0
T01,譚秀娥,TAM Sau-ngor,,,F,,社區幹事,Community Coordinator,,,4,0
T02,鄧家彪,TANG Ka-piu,,,M,,全職議員,Member of Legislative Council and District Council,工聯會,HKFTU,2,0
T02,梁漢威,LEUNG Hon-wai,,Jimmy,M,,演藝工作者,Performing Arts Worker,,,1,0
T03,老廣成,LO Kwong-shing Andy,,,M,,區議員,District Councillor,民建聯,DAB,1,0
T03,郭平,KWOK Ping,,,M,,社區主任,Community Officer,民主黨,The Democratic Party,2,0
T04,余俊翔,YU Chun-cheung Peter,,,M,,大律師,Barrister-at-law,公民黨,Civic Party,2,0
T04,傅曉琳,FU Hiu-lam Sammi,,,F,,會計師,Accountant,新民黨,New People's Party,1,0
T05,周浩鼎,CHOW Ho-ding Holden,,,M,,律師,Solicitor,民建聯,DAB,2,0
T05,王進洋,WONG Chun-yeung,,,M,,社區發展主任,Development Officer,,,1,0
T06,趙德威,CHIU Tak-wai,,Francis,M,,私人投資者,Private Investor,,,1,0
T06,容詠嫦,YUNG Wing-sheung Amy,,Amy Yung,F,,執業會計師,Certified Public Accountant,公民黨,Civic Party,2,0
T06,胡子良,HU Ziliang,,Jimmy,M,,程式開發,App Development,,,3,0
T07,曾秀好,TSANG Sau-ho Josephine,,,F,,物業管理公司保安顧問,Security Consultant,,,,1
T08,余麗芬,YU Lai-fan,,,F,,全職區議員,Full-time District Council Member,民建聯,DAB,,1
T09,鄺官穩,KWONG Koon-wan,,,M,,公司董事,Director,經民聯,BPA,3,0
T09,梁國豪,LEUNG Kwok-ho,,,M,,,,,,2,0
T09,林潔聲,LAM Kit-sing,,,M,,公司董事,Director,,,1,0
T10,李桂珍,LEE Kwai-chun,,,F,,,,民建聯,DAB,1,0
T10,鄺惠娟,KWONG Wai-kuen,,,F,,,,,,2,0